"tahun","judul","abstrak","class"
2019.0,"Sistem Kontrol Vertical Garden Menggunakan NodeMcu ESP8266 Berbasis Android","Salah satu metode penanaman dengan menggunakan prinsip vertical garden dengan sistem hidroponik menjadi solusi minimnya lahan. Disisi lain perkembangan teknologi terus menerus dikembangkan untuk mempermudah segala aktifitas manusia salah satu bidang teknologi yang berkembang adalah teknologi mikrokontroler NodeMcu ESP8266. Adapun penerapan teknologi NodeMcu ESP8266 pada sistem pemantauan serta menjadi sistem kontrol tanaman yang ditanam menggunakan sistem hidroponik. Selain itu juga sebagai pengolah data. Penelitian ini menggunakan metode penelitian kualitatif Design and Creation dan pengujian yang dilakukan adalah pengujian blackbox yang berfokus pada persyaratan fungsioanal perangkat lunak. Hasil dari penelitian ini adalah sebuah alat media tanam vertical garden yang menggunakan sistem hidroponik yang dikontrol menggunakan sebuah aplikasi berbasis Android. Kelebihan alat ini dapat memantau dan melakukan kontrol terhadap tanaman vertical garden dari jarak jauh menggunakan aplikasi Android.","iotnat"
2018.0,"Rancang Bangun Sistem Pemberian Pakan Ternak  (sapi) dan Pengadukannya secara Otomatis Berbasis  Mikrokontroler","Bagi peternak yang memiliki sejumlah besar sapi dapat menjadi tugas yang sulit untuk menjaga mereka memberi makan sepanjang waktu.Apalagi jika peternak tersebut juga berprofesi sebagai petani. Umumnya para peternak memberikan pakan di wadah berbentuk kotak menggunakan tangan dan harus berjalan sepanjang kandang yang mana kandang sapi yang diternakkan sangatlah jauh dari pemukiman. Kegiatan seperti itu bagi peternak sapi akan menyita waktu dan tenaga. Alat ini akan membuat peternak menggunakan waktunya sebaik mungkin.Pemberian pakan sapi dapat dipermudah dengan penggunaan alat mekanik yang dikontrol oleh peralatan eletronik. Sistem ini merupakan alat kontrol yang mampu memberikan pakan sapi secara otomatis sesuai jadwal. Pengendali utama sistem ini menggunakan mikrokontroler yang di program dan di delay sebagai penyesuaian waktu pemberian pakan sapi.  Metode yang digunakan adalah Prototyping yang memiliki keunggulan pengembang dapat bekerja lebih baik dalam menentukan kebutuhan setiap pelanggannya dan lebih menghemat waktu dalam pengembangan sistem.  Hasil dari penelitian ini telah mencapai target dengan nilai keakuratan alat dalam pemberian pakan setiap harinya mencapai 9086% sedangkan standar pemberian pakan untuk mencapai berat badan ideal sapi adalah 80% keatas.","iotnat"
2013.0,"Sistem Pendeteksi Kelayakan Air Minum Dalam Kemasan Berbasis Mikrokontroler","Perkembangan teknologi mikrokontroler telah membawa era baru dalam dunia elektronika. Salah satu bentuk penerapannya adalah sistem pendeteksi kelayakan air minum dalam kemasan dimana alat ini berfungsi untuk menampilkan kadar TDS pada LCD dan report sehingga dapat mengetahui layak atau tidaknya air itu untuk dikonsumsi. Dalam perancangan alat ini menggunakan mikrokontroler ATMega8535 infrared elektrolisa air dan bahasa pemrograman Visual Basic. Penelitian ini menggunakan metode penelitian kualitatif dengan pengujian blackbox yang berfokus pada persyaratan fungsional perangkat lunak. Hasil dari rancangan sistem pada tugas akhir ini adalah sebuah penampil informasi yang memudahkan masyarakat untuk mengetahui layak atau tidaknya Air Minum Dalam Kemasan (AMDK) itu dikonsumsi dimana standar TDS (Total Dissolved Solids) air menurut World Health Organization (WHO) dan Badan Pengawas Obat dan Makanan (BPOM) adalah 50 ppm. Alat ini juga dapat membantu BPOM dalam meneliti AMDK yang layak beredar di pasaran. Dari Pengujian AMDK diketahui bahwa terjadi perbedaan nilai antara AMDK yang diletakkan di tempat sejuk dan AMDK yang diletakkan di tempat yang bersuhu tinggi yaitu sebesar 3477% serta tempat yang bersuhu rendah yaitu sebesar 3232%. Dari hasil pengujian sistem secara keseluruhan didapatkan hasil dari beberapa contoh AMDK seperti merek A yaitu 13196ppm merek B yaitu 17008ppm dan merek C yaitu 13391ppm masih berbeda dengan data dari BPOM. Dimana dari data BPOM untuk merek A yaitu 139ppm merek B yaitu 180ppm dan merek C yaitu 144ppm. Perbedaan tersebut berkisar 8855 %. Perbedaan yang terjadi pada sistem dikarenakan faktor dalam seperti sensor yang digunakan kurang presisi dalam menangkap sinyal yang dipancarkan oleh infrared serta faktor luar seperti kontaminasi sinar matahari langsung perubahan suhu dan kelembaban pada saat AMDK tersebut diuji. Namun secara keseluruhan alat yang dibuat dapat bekerja dan berfungsi dengan baik karena rata-rata perbedaan yang dihasilkan tidak melebihi batas toleransi sebesar 10%.","iotnat"
2019.0,"Pendeteksi Kebakaran Hutan Menggunakan komunikasi LoRa (Long Range) Wireless Network","Indonesia merupakan kawasan hutan dengan ekosistem yang beragam mulai dari hutan tropika daratan tinggi hutan tropika daratan rendah sampai hutan rawa gambut hutan rawa air tawar dan hutan bakau (mangrove) sekitar dua-pertiga dari 191 juta hektar daratan Indonesia adalah kawasan hutan. Kebakaran hutan di Indonesia merupakan permasalahan serius yang semakin sering terjadi yang berdampak buruk dalam berbagai aspek seperti timbulnya kabut asap yang berbahaya bagi kesehatan masyarakat terancamnya ekosistem hewan dan tumbuhan dihutan. Kebakaran hutan sendiri dapat disebabkan oleh berbagai faktor yakni faktor alam itu sendiri seperti musim kemarau sambaran petir dan perubahan iklim dan faktor lainnya adalah disebabkan oleh perbuatan manusia baik disengaja maupun tidak disengaja seperti membuang puntung rokok dilahan kering dan pembakaran pohon untuk membuka lahan baru. Tujuan penelitian ini untuk untuk mendeteksi dan memantau tingkat kerawanan terjadinya kebakaran dan memberi informasi kepada petugas secara real time yang akan ditampilkan pada website. Penelitian ini menggunakan metode penelitian eksperimental dengan konsep saintifik dan kuantitatif sedangkan metode pengumpulan data yang digunakan yakni observasi dan beberapa literatur dengan metode pengujian yang dilakukan adalah pengujian black box. Adapun metode perancangan yang digunakan yaitu prototype. Hasil dari penelitian ini adalah sebuah alat yang dapat membantu operator maupun petugas dalam mengetahui kondisi hutan secara real time yang terhubung dengan website. Hasil dari pengujian alat ini menyimpulkan bahwa fungsi yang diharapkan semuanya berhasil sesuai dengan yang diharapkan.","iotnat"
2017.0,"Implementasi Augmented Reality Berbasis Cloud Computing pada Buku Pelajaran Biologi SMA","Menurut Dimjati dan Mudjiono(1994:56-60) keaktifan siswa dapat didorong oleh peran guru. Guru berupaya untuk memberi kesempatan siswa untuk aktif baik aktif mencari memproses dan mengelola perolehan belajarnya. Maka salah satu cara untuk mewujudkan hal tersebut adalah dengan mengembangkan media pembelajaran bagi siswa. Sedangkan salah satu pelajaran yang sangat membutuhkan media pembelajaran yang interaktif adalah pelajaran Biologi. Hal ini dikarenakan materi Biologi dipandang sebagai suatu yang sederhana namun juga dapat dipandang sebagai sesuatu yang rumit dan kompleks. Namun hal itu pada saat sekarang ini diatasi oleh para guru dengan cara memperlihatkan gambar dua dimensi pada para siswa yang tentunya masih membuat siswa menghayal. Atau harus menggunakan mikroskop dalam menjelaskan hal-hal yang bersifat mikroskopis. Atau menggunakan torso untuk menjelaskan organ-organ dalam manusia. Sedangkan jika melihat dari segi ekonomis sebuah torso harganya ratusan ribu bahkan untuk sebuah mikroskop perbuahnya dapat mencapai puluhan juta rupiah. Adapun jenis penelitian kualitatif lapangan yang digunakan dalam penelitian iini adalah Design and Creation. Penelitian menggunakan metode pengumpulan data dengan observasi wawancara dan study literatur. Metode perancangan yang digunakan adalah waterfall dan teknik pengujian yang digunakan adalah Black Box. Berdasarkan hasil uji coba menunjukkan bahwa aplikasi ini mudah digunakan dapat membantu guru dalam menjelaskan materi yang berkaitan dengan Biologi dan siswa pun dapat mengamati mikroorganisme dengan cara yang berbeda dan meyenangkan.","iotnat"
2018.0,"Rancang Bangun Alat Pengaman Rumah Menggunakan Sensor Pir (PASSIVE INFRA RED) Berbasis Sms Gateway","Latar belakang penelitian ini adalah keamanan rumah sangatlah penting mengingat saat ini tindang kriminalitas sangat meresahkan masyarakat  salah satunya adalah kasus pencurian yang biasa terjadi pada rumah-rumah penduduk. Hal ini mungkin dapat disebabkan antara lain karena faktor enokomi yang menyebabkan orang terkadang mengambil jalan pintas untuk memenuhi kebutuhan hidupnya yaitu dengan cara mencuri. Maka peneliti merancang sebuah alat dimana alat ini dibuat untuk memudahkan kita dalam mengontrol keamanan rumah apabilah ditinggalkan dalam keadaan kosong media yang digunakan adalh Handphone dengan memanfaatkan fasilitas SMS. Tujuan dari penelitian adalah merancang sebuah alat pengaman rumah menggunakan sensor PIR berbasis SMS Gateway. Alat ini terdiri dari sebuah sensor yaitu sensor pir sebagai pendeteksi gerak gerik manusia yang ada disekitarnya dan bazzer akan berbunyi setiap ada pergerakan yang di tangkap oleh sensor pir sebuah GPRS Shield yang didalamnya terdapat sim card yang berfungsi untuk mengirim sms. Jenis penelitiang yang digunakan adalah penelitian kualitatif dengan metode experimental yaitu dengan cara melakukan uji cona (trial and error) untuk rancangan mekanik maupun elektronik komponen harware dan berusaha untuk menjelaskan mengendalikan fenomena seteliti mungkin. Dan menggunakan metode pengumpulan data yaitu Library Research Field Researc Observasi Interview. Dari penelitian ini menghasilkan Alat Pengaman Rumah Menggunakan Sensor PIR Berbasis SMS Gateway yang diharapkan dapat di aplikasikan oleh masyarakat agar dapat memberi rasa aman dan nyaman saat meninggalkan rumah dalam keadaan kosong.","iotnat"
2018.0,"Rancang Bangun Water Resistant Untuk Perkebunan Karet Berbasis Mikrokontroler","Budidaya tanaman karet merupakan salah satu mata pencaharian yang paling diminati oleh masyarakat Indonesia salah satunya yaitu budidaya tanaman karet. Di dalam budidaya tanaman karet masih banyak kendala yang dihadapi para petani karet salah satunya yaitu faktor cuaca. Untuk mendukung dalam budidaya tanaman karet maka dirancang sebuah alat water resistant untuk perkebunan karet berbasis mikrokontroler. Alat ini dirancang untuk dapat melakukan proses buka tutup penampang getah karet secara otomatis untuk menghindari tercampurnya getah karet dengan air hujan secara berlebihan dan dapat dikontrol secara manual menggunakan pushbutton. Penggunaan sensor rintik hujan berfungsi untuk membaca terjadi hujan atau tidak terjadi hujan di area budidaya tanaman karet. Untuk menutup penampang getah karet digunakan pergerakan motor servo dengan kondisi putaran searah jarum jam mendekati penampang getah karet. Metode penelitian yang digunakan adalah penelitian eksperimen. Penelitian eksperimen yang dilakukan adalah metode penelitian eksperimental. Dengan melakukan eksperimen terhadap variable-variabel control (input) untuk menganalisis output yang dihasilkan. Ouput yang dihasilkan akan dibandingkan dengan ouput tanpa adanya pengontrolan variabel. Hasil penelitian ini adalah alat yang mampu mencegah masuknya air kedalam penampang getah karet secara berlebihan menggunakan pembacaan cuaca apakah terjadi hujan atau tidak terjadi hujan serta keseluruhan proses pada alat water resistant untuk perkebunan karet.","iotnat"
2016.0,"Sistem Notifikasi Kecelakaan Pada Sepeda Motor Berbasis Arduino","Tingkat kecelakaan yang sangat tinggi di Indonesia serta kemudahan mendapatkan kendaraan bermotor hal ini yang mendukung pentingnya informasi tentang kecelakaan berbasis mikrokontroller Arduino. Informasi tentang dimana lokasi kecelakaan yang dapat diakses melalui Google Maps dapat membantu kita untuk mengetahui dimana lokasi kecelakaan keluarga ataupun kerabat. Cukup dengan membuka link yang dikirm oleh sepeda motor kepada pengguna melalui Smartphone. Mikrokontroller akan selalu mengecek kemiringan sepeda motor pengguna dan ketika sepeda motor mendapat kemiringan 55Âº sampai 90Âº maka mikrokontroller akan mengambil data dari GPS Shield berupa koordinat lokasi sepeda motor mengalami kecelakaan kemudian mengirim pesan kepada pengguna berupa link lokasi kecelakaan dengan bantuan GSM Shield. Setelah SMS sampai kepada pengguna dalam bentuk link maka pengguna akan diarahkan langsung ke Google Maps untuk melihat dimana lokasi kecelakaan terjadi.","iotnat"
2017.0,"Sistem Pengidentifikasi Warna Bagi Penderita Buta Warna Berbasis Mikrokontroller","Mata pada dasarnya memiliki kepekaan terhadap cahaya dan warna jika kepekaan terhadap warna terganggu maka akan dialami kelainan buta warna. Buta warna adalah suatu kelainan yang disebabkan ketidakmampuan sel-sel kerucut mata untuk menangkap suatu spektrum warna tertentu. Kasus buta warna yang paling sering terjadi adalah buta warna parsial yang menyebabkan penderitanya kesulitan dalam mengenali warna merah hijau biru dan kuning. Tujuan dari penulisan skripsi ini selain sebagai syarat untuk mencapai gelar sarjana komputer pada jurusan teknik informatika juga untuk merancang sebuah alat pengidentifikasi warna berbasis mikrokontroller arduino uno untuk membantu penderita buta warna parsial dalam mengenali warna yang tidak mampu mereka lihat.  Metode penelitian yang digunakan adalah penelitian kuantitatif. Penelitian kuantitatif yang dilakukan adalah metode penelitian eksperimental. Penelitian ini menggunakan metode pengumpulan data observasi studi literatur dan wawancara. Teknik pengujian yang digunakan adalah Black Box.  Hasil penelitian ini adalah sebanyak 80% penderita buta warna parsial menyetujui akan adanya sebuah alat yang dapat mendeteksi jenis warna sehingga dengan alat ini dapat membantu mereka dalam kehidupan sehari-hari","iotnat"
2018.0,"Rancang Bangun Alat Pemeliharaan Sanitasi Tempat Air Minum Ternak Berbasis Mikrokontroler","Perbaikan tingkat pendapatan telah mengubah pola konsumsi masyarakat dari karbohidrat ke protein hewani khususnya hasil ternak seperti daging susu dan telur sebagai sumber protein berkualitas tinggi. Untuk meningkatkan hasil produksi dan menjaga kesehatan ternak air minum ternak menjadi hal yang paling penting dimana air merupakan salah satu komponen yang penting dalam peternakan. Metode penelitian yang digunakan adalah penelitian kuantitatif. Penelitian kuantitatif yang dilakukan adalah metode penelitian eksperimental. Dengan melakukan eksperimen terhadap variable-variabel control (input) untuk menganalisis output yang dihasilkan. Output yang dihasilkan akan dibandingkan dengan output tanpa adanya pengontrolan variable. Hasil penelitian ini adalah sebuah alat pemeliharaan sanitasi tempat minum ternak dengan menggunakan beberapa komponen untuk melakukan proses pembersihan dan pengisian air pada tempat minum ternak.","iotnat"
2020.0,"Rancang Bangun Alat Pengisian Pupuk denga Fungsi Timbangan dan Tally Counter Otomatis","UMKM (Usaha Mikro Kecil dan Menengah) dalam bidang pupuk pertanian saat ini masih menggunakan cara manual pada tahapan proses pengemasan pupuknya yang dianggap kurang efesien karena membutuhkan waktu yang cukup lama memungkinkan terjadinya kesalahan pada takaran isi kemasan dan adanya potensi kesalahan dalam menjumlah hasil produksi yang dihasilkan. Dalam proses pemrokdusian pupuk kemasan pelaku usaha memerlukan adanya suatu alat yang dapat melakukan beberapa fungsi dalam satu produksi sehingga beban kerja menjadi berkurang dan proses pemroduksian menjadi efektif. Untuk mengatasi itu semua maka dibuatlah rancang bangun alat pengisian pupuk dengan fungsi timbangan dan tally counter otomatis untuk mempermudah pelaku usaha pupuk pertanian untuk melakukan proses pemproduksian pupuk.  Dalam melakukan penelitian ini jenis penelitian yang digunakan adalah penelitian kualitatif dengan metode eksperimental. Selain itu pembuatan sistem yang akan dibangun menggunakan metode perancangan. Adapun tahapan tahapan dalam sistem ini adalah menggambarkan flowmap yang sedang berjalan kemudian merancang flowchart dan blok digram untuk gambaran atau alur kerja sistem yang akan dibuat dan diuji menggunakan metode pengujian blackbox. Hasil dari penelitian ini adalah dihasilkannya sebuah alat Pengisian pupuk dengan timbangan dan tally counter otomatis dengan menggunakan sensor berat atau load cell. Alat ini dilengkapi 3 fitur jenis pembelian yaitu pengisian penimbangan dan penghitungan jumlah pupuk yang sudah dihasilkan. Dari hasil pengujian yang dilakukan oleh peneliti alat ini berfungsi dengan baik dan mampu mengatasi permasalahan yang selama ini dialami pedagang.","iotnat"
2018.0,"Rancang Bangun Sistem Panen Buah Kelapa Muda Berbasis Mikrokontroler","Indonesia merupakan produsen kelapa terbesar ke-3 dunia namun sepertiga tanaman kelapa di Indonesia dalam kondisi tua dan tidak produktif akibat dari keterbatasan sumber daya manusia pada saat musim panen. Penelitian ini bertujuan untuk merancang alat panen buah kelapa muda. Robot panen ini menggunakan Arduino Nano sebagai sistem kendali utama robot menggunakan motor wiper sebagai motor penggerak roda dan remot kontrol sebagai sistem pengontrolan. Dengan menggunakan robot panen yang dirancang untuk menggantikan kerja manusia pada saat proses panen buah kelapa muda dapat membuat kerja menjadi lebih produktif dan cepat saat proses panen kelapa muda. Metode penelitian yang di gunakan adalah penelitian kualitatif. Penelitian kualitatif yang dilakukan adalah metode penelitian eksperimental. Dengan melakukan eksperimen terhadap variable - variabel kontrol (input) untuk menganalisis output yang dihasilkan. Penelitian ini menggunakan metode pengumpulan data wawancara dan observasi. Metode perancangan yang digunakan adalah waterfall dan teknik pengujian yang digunakan adalah Black Box. Hasil penelitian ini adalah sebuah robot panen buah kelapa muda yang digunakan untuk membantu petani kelapa dalam proses panen buah kelapa muda dengan menggunakan remot kontrol sebagai alat utama dari sistem pengontrolan  perintah-perintah yang dapat dikeluarkan seperti mengontrol pergerakan roda dan alat pemotong. Kesimpulan dari penelitian ini yaitu sebagai alat bantu untuk petani kelapa serta memberikan kemudahan dalam proses perawatan serta pengelolaan perkebunan khususnya kebun kelapa.","iotnat"
2018.0,"Rancang Bangun Smarthome Menggunakan Chatbot Telegram Berbasis Arduino","Permasalahan kontrol rumah jarak jauh adalah permasalahan yang biasa dirasakan oleh manusia. Dimana orang-orang yang memiliki aktivitas setiap hari susah dalam mengontrol rumah. Penelitian ini bertujuan mengendalikan rumah dengan jarak jauh yang dapat mengakses atau mengendalikan perangkat rumah dari jarak jauh menggunakan aplikasi telegram. Data yang diterima dan dikirim lewat user akan masuk ke sistem yang telah terintegrasi dengan perangkat Arduino dan wemos d1 mini sebagai pusat kendali dari seluruh sistem yang ada sehingga memungkinkan user mengendalikan ataupun mengawas rumah dari jarak jauh dengan mudah dan tanpa mengeluarkan banyak biaya. Metode penelitian yang digunakan adalah penelitian kuantitatif. Penelitian kuantitatif yang dilakukan adalah metode penelitian eksperimental. Dengan melakukan eksperimen terhadap variabael-variabel kontrol (input) untuk menganalisis output yang dihasilkan. Output yang dihasilkan akan dibandingkan dengan output tanpa adanya pengontrolan variabel. Sistem ini dirancang menggunakan mikrokontroler arduino uno. Terdapat tiga poin penting yang menjadi fokus dalam penelitian ini yaitu yang pertama mengendalikan lampu jarak jauh yang kedua memantau kondisi sebuah ruangan menggunakan wemos d1 mini dan yang ketiga yaitu memantau kondisi buka tutup pintu. Untuk komunikasi antara mikrokontroler ke Android melalui aplikasi telegram.","iotnat"
2018.0,"Sistem Peminjaman dan Keamanan pada Perpustakaan Menggunakan RIFD","Perpustakaan sangat rawan terhadap tindakan penyalahgunaan koleksi. Hal ini disebabkan salah satunya oleh sistem layanan perpustakaan yang digunakan. Umumnya perpustakaan menyediakan layanan dengan sistem terbuka. Pada sistem tersebut pengguna dapat secara langsung memilih bahan pustaka yang diinginkan pada rak tempat jajaran koleksi diletakkan. Hal ini dapat mendorong seseorang untuk melakukan tindak kejahatan penyalahgunaan koleksi perpustakaan. Sistem keamanan untuk mengelola koleksi buku harusnya memiliki keunggulan teknologi yang mampu membaca suatu objek data dengan ukuran tertentu tanpa melalui kontak langsung (contacless) dan tidak harus sejajar dengan objek yang dibaca. Dengan teknologi sensor RFID objek dapat terdeteksi tanpa melakukan kontak langsung dengan sensor reader RFID dan walaupun dalam kondisi tidak sejajar dengan objek yang dibaca. Mikrokontroller arduino sebagai kontrol untuk menyalakan fungsi sensor RFID dan penggerak dari servo.  Metode penelitian yang digunakan adalah penelitian kuantitatif. Penelitian kuantitatif yang dilakukan adalah metode penelitian eksperimental. Dengan melakukan eksperimen terhadap variabel-variabel kontrol (input) untuk menganalisis output yang dihasilkan. Output yang dihasilkan akan dibandingkan dengan output tanpa adanya pengontrolan variabel. Hasil penelitian ini adalah sebuah alat protoype peminjaman dan keamanan buku dengan menggunakan RFID yang terdiri dari 2 sensor RFID. RFID pertama berfungsi sebagai pembaca ID buku dan RFID kedua berfungsi sebagai sensor pendeteksi keamanan pada buku. Selain itu terdapat sebuah servo yang berfungsi sebagai palang pintu ketika menerima sinyal dari RFID kedua ketika mendeteksi suatu buku (tag RFID).","iotnat"
2018.0,"Rancang Bangun Sistem Pengereman Otomatis dan Blind Spot Warning pada Sepeda Motor Berbasis Arduino Uno","Teknologi alat transportasi hari ke hari semakin meningkat namun resiko mengalami kecelakaan tetap ada dan tidak bisa dihindari. Khususnya sepeda motor yang memiliki angka kecelakan terbesar. Indonesia sendiri merupakan negara dengan pengguna sepeda motor yang sangat tinggi hal ini juga yang membuat Indonesia menempati peringkat ke lima dunia sebagai negara dengan tingkat kecelakaan lalu lintas tertinggi. Adapun tujuan dari penelitian ini adalah merancang sistem pengereman otomatis dan blindspot warning pada sepeda motor untuk membantu mengurangi risiko kecelakaan dan mempermudah pengendara sepeda motor menerapkan budaya berkendara yang baik dan aman. Jenis penelitian yang digunakan adalah jenis penelitian kualitatif dengan metode eksperimental. Hasil dari penelitian ini adalah alat yang diintegrasikan pada helm sebagai peringatan blind spot dan sepeda motor untuk menjalankan sistem pengereman otomatis. Kesimpulan dari penelitian ini adalah dari hasil pengujian yang didapatkan sensor dapat mendeteksi jarak hingga 300 cm pada sisi kanan dan kiri sepeda motor output berupa buzzer saat sensor mendeteksi objek. Pada bagian depan sensor juga dapat mendeteksi jarak hingga 300 cm dengan output berupa system pengereman otomatis yang ditarik oleh Motor DC.","iotnat"
2018.0,"Perancangan Model Digital Signage Berbasis Iot Sebagai Papan Informasi Digital Terintegrasi Website","Digital Signage adalah sebuah bentuk penyampaian informasi melalui media display elektronik (dinamis). Selama ini informasi akademik maupun pengumuman lainnya masih ditampilkan secara konvensional. Adanya layar LCD juga tidak diterapkan secara optimal sehingga terkesan mubassir. Olehnya itu dengan adanya Digital Signage diharapkan informasi-informasi akademik maupun pengumuman lainnya dapat ditampilkan secara digital akurat cepat dan lebih menarik.. Dalam Penelitian ini  menggunakan metode penelitian deskriptif kualitatif jenis penelitian  deskriptif yang digunakan adalah Design and Creation yang merupakan  jenis penelitian untuk  mengembangkan produk dibidang teknologi dan informasi. Sedangkan metode pengumpulan data yang digunakan adalah metode studi pustaka. Analisis yang dilakukan adalah analisis system  dan analisis aplikasi. Aplikasi Ini memiliki Hak Akses bagi Admin untuk  melakukan  pengolahan  data pada halaman dashboard website. Untuk studi kasus dilakukan di Jurusan Teknik Informatika UIN Alauddin Makassar. Digital Signage ini diuji menggunakan pengujian tiap blok yaitu menguji setiap fungsi dari perangkat keras yang digunakan dan menguji perangkat lunak dari segi spesifikasi fungsional. Pengujian yang dimaksudkan apakah fungsi-fungsi masukan dan keluaran dari perangkat sesuai dengan spesifikasi yang dibutuhkan. Hasil dari pengujian Digital Signage ini menyimpulkan bahwa fungsi yang diharapkan semuanya berhasil dan diterima sesuai dengan keinginan. Kesimpulannya bahwa Digital Signage Berbasis Website diharapkan dapat membantu pihak jurusan dalam menyampaikan informasi lebih mudah dan cepat kepada para mahasiswa begitupun sebaliknya mahasiswa dapat menerima informasi dengan lebih jelas menarik dan terarah. ","iotnat"
2018.0,"Rancang Bangun Sistem Pengering Vanili Berbasis Mikrokontroler (Studi Kasus Petani Vanili di Kabupaten Enrekang Sulawesi Selatan)","Indonesia merupakan salah satu negara pengekspor vanili terbesar di dunia namun ironisnya Indonesia masih belum mampu memenuhi kebutuhan pasar internasional. Salah satu alasannya adalah tak lain karena vanili yang dihasilkan para petani Indonesia masih bersifat konvensional sehingga kurang maksimal kualitasnya untuk di ekspor. Adapun tujuan dari penelitian ini adalah merancang dan membangun sistem pengering vanili dengan menggunakan arduino sehingga memudahkan dan mempercepat proses pengeringan vanili untuk menghasilkan vanili yang berkualitas baik sesuai standar ISO dan Standard Nasional. Jenis penelitian yang digunakan adalah jenis penelitian kualitatif dengan metode eksperimental. Hasil dari penelitian ini adalah alat pengering vanili. Kesimpulan dari penelitian ini adalah dari beberapa sampel yang telah diuji maka didapatkan kadar air pada vanili sebesar 20-35 %. yang telah sesuai dengan standar International Standard Organisation (ISO) dan Dewan Standardisasi Nasional.","iotnat"
2016.0,"Analisis dan Perancangan Simulasi Sistem Peringatan Dini pada Air Terjun Air Bah Berbasis Mikrokontroler","Air terjun merupakan salah satu objek wisata yang sering dikunjungi oleh masyarakat. Namun masyarakat atau pengunjung tidak sadar bahwa ada bahaya yang menunggu dibalik keindahan air terjun itu sendiri yaitu air bah. Oleh karena itu solusi yang tepat untuk mengurangi dampak buruk terhadap bencana air bah adalah dibuatnya sebuah sistem peringatan dini air bah berbasis mikrokontroler yang dapat memberikan informasi secara realtime akan adanya air bah kepada wisatawan yang sedang berada di sekitar air terjun sehingga wisatawan dapat dengan segera mengevakuasi diri sebelum air bah tiba. Namun sistem yang dibuat masih berupa simulasi pendeteksi dini air bah. Jadi belum dapat diterapkan langsung pada air terjun. Metode penelitian yang digunakan adalah penelitian kuantitatif. Penelitian kuantitatif yang dilakukan adalah metode penelitian eksperimental. Dengan melakukan eksperimen terhadap variabael-variabel kontrol (input) untuk menganalisis output yang dihasilkan. Output yang dihasilkan akan dibandingkan dengan output tanpa adanya pengontrolan variabel. Hasil penelitian ini adalah sebuah simulasi sistem peringatan dini air bah pada air terjun dengan menggunakan water flowmeter sensor sebagai pembaca kecepatan arus sungai yang akan mendeteksi sedini mungkin ketika air bah muncul dan memberikan peringatan berupa bunyi sirine pada air terjun pada saat terdeteksinya air bah serta memberikan info grafik kecepatan arus sungai pada monitor operator.","iotnat"
2019.0,"Perancangan Alat Pendeteksi Hewan Pengganggu Tanaman Kebun Menggunakan Sensor Gerak PIR (Passive Infra Red) Berbasis Mikrokontroler","Indonesia merupakan negara yang sebagian besar wilayah pertanian dan sebagian besar masyarakat juga bergerak di bidang pertanian sehingga Indonesia termasuk salah satu penghasil kacang jagung dan padi. Dan kekayaan yang di miliki oleh masyarakat indonesia lahan pertania perkebunan yang sangat luas dan subur. Pada umumnya pengusir hewan penggu pemakan kacang tanah di area perkebunan proses masih manual yang mengguanakan tarik-tarik tali yang di pasangi kaleng bekas dan pembuatan orang-orangan. Dari perencanaan sistem pengusir hewan pengganggu tanaman (babi hutan) berbasis mikrokontroler dan menggunakan sensor PIR sebagai pembaca data dan modul mp3 yang mengirim suara gonggong anjing ke speaker. Jenis penelitian yang di gunakan adalah penelitian kualitatif dengan konsep eksprimental. Pengujian yang dilakukan adalah pengujian blackbox. Yangg berfokus pada persyaratan fungsionaal perangkat lunak Hasil dari penelitian ini adalah sebuah sistem pada tuggas akhir ini pengusir babi hutan pemakan kacang tanah terdeteksi oleh sensor pir maka akan di proses ke mikrokontroler terdapat juga suara gonggongg anjing yang berfungsi untuk mengusir babi hutan yang masuk di area perkebunan . dari hasil pengujian sistem secara keseluruhan di dapatkan hasil jarak sensor pir dengan jarak maksimun 10 meter dan mengeluarkan suara gonggong anjing sehingga hasil dari pemanfaatan alat tersebut dapat mengusir babi hutan yang masuk di area perkebunan atau persawahan.","iotnat"
2017.0,"Rancang Bangun Solar Tracking Sistem Berbasis Arduino","Kebutuhan masyarakat Indonesia akan energi listrik saat ini semakin tinggi. Hal ini seiring dengan pertambahan jumlah penduduk dan juga kemajuan teknologi. Salah satu upaya teknologi untuk memanfaatkan energi cahaya matahari adalah dengan menggunakan solar cell. Solar cell adalah alat yang dapat mengubah energi sinar matahari menjadi energi listrik. Solar cell akan menghasilkan energi listrik sesuai besar intensitas cahaya yang diterimanya dari pancaran cahaya matahari. Namun dalam aplikasinya kebanyakan sel surya diletakkan secara statis sehingga penyerapan intensitas sinar matahari tidak dapat dilakukan secara optimal dan berakibat daya yang dihasilkan juga tidak maksimum. Oleh karena itu dibutuhkan alat yang dapat menghasilkan energy maksimal. Tujuan dalam penelitian ini adalah merancang solar tracking system berbasis arduino yang dapat bergerak mengikuti sinar matahari dan digunakan pada semua wilayah atau area Pendekatan atau metode yang digunakan pada penelitian ini adalah saintifik yaitu pendekatan berdasarkan ilmu pengetahuan dan teknologi. Metode pengujian yang digunakan adalah metode pengujian langsung yaitu dengan menggunakan pengujian Black Box. Berdasarkan hasil ujicoba menunjukkan bahwa hasilnya panel surya dapat bergerak mengikuti sinar matahari dan menghasilkan energi maksimal. Sehingga alat ini dapat diterapkan pada semua wilayah dan dapat membantu pemerintah dalam upaya mengatasi masalah energi terutama pengoptimalan energi alternatif.","iotnat"
2018.0,"Perancangan Alat Peraga Pengenalan Huruf Braille Berbasis Mikrokontroler","Memiliki kondisi fisik yang cacat bukanlah hal yang diinginkan oleh setiap individu karena harus menjalani hidup dengan keterbatasan fisik sehingga dapat menghambat sebagian aktivitas yang harus dilakukan layaknya individu dalam kondisi normal salah satunya adalah tunanetra. Tunanetra tetap berhak memperoleh haknya sebagai manusia termasuk hak atas medapatkan ilmu dengan belajar membaca. Sistem perancangan alat peraga huruf Braille ini adalah salah satu alat bantu pembelajaran yang dibuat untuk tunanetra yang dapat digunakan sebagai salah satu alternatif media pembelajaran yang dimiliki oleh tunanetra. Proses pembelajaran dilakukan dengan mengenalkan huruf dan angka Braille menggunakan button mp3 shield untuk membaca file mp3 dari dan solenoid disesuaikan dengan pola huruf Braille yang telah disisipkan dalam program. Mikrokontroler yang digunakan adalah mikrokontroler Arduino Mega sebagai kontrol utama sistem. Dalam melakukan penelitian ini jenis penelitian yang digunakan adalah penelitian deskriptif kualitatif dengan metode eksperimental yang bertujuan untuk memahami fenomena-fenomena sosial sebelum melakukan perancangan. Adapun tahapan tahapan dalam sistem ini adalah menggambarkan flowchart dan blok digram untuk gambaran atau alur kerja sistem yang akan dibuat dan diuji menggunakan metode pengujian blackbox. Hasil penelitian ini adalah alat yang dapat membantu tunanetra untuk mengenal pola angka dan huruf Braille berbasis mikrokontroler.","is"
2018.0,"Penerapan Logika Fuzzy Pada Sistem Pendukung Keputusan Bantuan Siswa Miskin (BSM) di SDN 106 Pinceng Pute","Penelitian ini dilatarbelakangi dengan adanya kebijakan Pemerintah dalam meningkatkan mutu Pendidikan dengan meliputi pelaksanaan wajib belajar untuk anak usia 6-21 Tahun yang saat ini tengah diupayakan Kementerian Pendidikan dan Kebudayaan (Kemendikbud). Dengan adanya upaya Pemerintah dalam memberikan akses Pendidikan kepada Kelompok masyarakat yang selama ini kurang dapat menjangkau layanan pendidikan maka dibuatlah suatu program bantuan beasiswa miskin yang diharapkan dapat menjangkau segenap lapisan masyarakat kurang mampu. Di SD Negeri 106 Pinceng Pute terkadang ditemukan adanya pemberian bantuan yang tidak tepat sasaran. Dikarenakan dalam proses pemberiannya masih berdasarkan atas dasar pengamatan terhadap kondisi calon penerima bantuan. Baik itu pengamatan secara langsung maupun hanya berdasarkan masukan - masukan dari pihak yang dipercaya. Rumusan masalah dari penelitian ini adalah Bagaimana merancang aplikasi sistem pendukung keputusan dalam pemberian bantuan beasiswa miskin di SD Negeri 106 Pinceng Pute. Adapun tujuan dari penelitian ini diharapkan dapat menghasilkan rancangan sistem aplikasi yang dapat membantu dalam proses pengambilan keputusan pemberian bantuan beasiswa miskin.  Penelitian ini menggunakan jenis penelitian kuantitatif dengan konsep perhitungan persentase rata-rata ehi kuadrat dan juga perhitungan statistik lainnya sedangkan metode pengumpulan data yang digunakan yaitu wawancara yang dilakukan melalui tatap muka dan tanya jawab langsung antara pengumpul data dengan narasumber / sumber data. Analisis yang dilakukan mencakup analisis sistem dan analisis aplikasi..  Dari penelitian ini menghasilkan perancangan dan aplikasi pendukung keputusan dalam pemberian bantuan beasiswa miskin. Penelitian ini menyimpulkan aplikasi yang dibangun dapat memberikan kemudahan dan membantu pihak sekolah khususnya SD Negeri 106 Pinceng Pute dalam proses pemberian bantuan beasiswa miskin.","is"
2018.0,"RANCANG BANGUN APLIKASI SISTEM PAKAR DIAGNOSA PENYAKIT INFEKSI SALURAN PERNAPASAN AKUT (ISPA) DENGAN METODE FORWARD CHAINING","Kesehatan merupakan hal yang berharga bagi manusia untuk melakukan aktivitas sehari-hari karena siapa saja dapat mengalami gangguan kesehatan. Salah satu penyakit yang banyak diderita oleh masyarakat yaitu penyakit infeksi saluran pernapasan akut (ISPA). ISPA adalah infeksi yang mengganggu proses pernapasan seseorang. Infeksi ini umumnya disebabkan oleh virus yang menyerang hidung trakea atau bahkan paru-paru. Untuk mendiagnosis penyakit ISPA biasanya hanya dapat dilakukan oleh seorang dokter ahli penyakit dalam. Namun dengan berkembangnya teknologi memungkinkan seorang awam juga dapat melakukan diagnosa awal dengan bantuan sistem pakar. Sistem pakar adalah sebuah program komputer yang meniru proses pemikiran dan pengetahuan pakar dalam menyelesaikan suatu masalah tertentu. Tujuan dari dibuatnya Sistem Pakar Diagnosa Penyakit Infeksi Saluran Pernapasan Akut (ISPA) adalah untuk merancang dan membuat sistem pakar yang mampu mendiagnosa penyakit ISPA pada seseorang serta memberikan pengetahuan dan informasi tentang ISPA. Metode yang digunakan dalam penelitian ini adalah metode Forward chaining untuk menentukan jenisâ€“jenis penyakit yang diderita oleh pasien. Input yang dibutuhkan adalah gejalaâ€“gejala yang dialami oleh pasien. Basis pengetahuan dibangun dengan menggunakan kaidah produksi (IF â€“ THEN). Output dari hasil diagnosa penyakit ini merupakan penyakit yang diderita. Tahapan pengembangan sistem pakar yang digunakan adalah penilaian koleksi pengetahuan perancangan test dokumentasi dan pemeliharaan. Dalam perancangan Sistem Pakar ini penulis mengunakan beberapa alat bantu yang di gunakan yaitu Flowchart sistem ini dikembangkan dengan pemrograman Netbeans notepad++ dan Dreamweafer. Dari hasil penelitian dihasilkan sebuah sistem pakar. diagnosa penyakit Infeksi Saluran Pernapasan Akut (ISPA) yang dapat memberikan kemudahan kepada masyarakat untuk mendapatkan informasi tentang gejala-gejala dan Penyakit Infeksi Saluran Pernapasan Akut (ISPA) yang diderita berdasarkan pengetahuan pakar. Berdasarkan hasil pengujian dapat disimpulkan bahwa program sistem pakar ini berjalan dengan baai dan layak untuk digunakan oleh user.","is"
2018.0,"Sistem Pakar Kesesuaian Pasal UU KUHP Dengan Kasus Perdata Yang Diajukan Pada Pengadilan Agama Takalar","Indonesia merupakan salah satu negara hukum di dunia. Berbagai Lembaga yang bergerak dibidang hukum pun sekarang banyak di dirikan di negara Indoneia. Dalam hal ini pemerintah Indonesia sekarang sedang ingin menegakkan hukum yang seadil-adilnya. Salah satu hukum yang saat ini dapat kita ketahui yaitu hukum perdata yang merupakan aturan-aturan hukum yang mengatur tingkah laku setiap orang terhadap orang lain yang berkaitan dengan hak dan kewajiban yang timbul dalam pergaulan masyarakat maupun pergaulan keluarga contohnya hukum perkawinan hubungan anatar suaimi dan istrihubungan antara wali dan anak harta benda perceraian. Namun dengan adanya perkembangan teknolgi memungkinkan proses pengajuan masalah atau kasus-kasus yang diajukan sesuai dengan pasal dan ayatnya dapat dilakukan dengan mudah. Salah satu sistem pakar yang membantu hakim melakukan proses kesesuaian pasal yakni sistem pakar yang khusus dalam menyesuaiakan pasal-pasal. Sistem pakar kesesuaian pasal merupakan sistem pakar yang menyesuaikan pasal ke dalam sistem dan menggunakan metode forward chaining sebagai metode penelusurannya dimana sistem melakukan penelusuran yang diawali dari fakta-fakta yang diberikan user kemudian dicari rule yang sesuai dengan pasal-pasal yang ada. Setelah itu diadakan hipotesis untuk memperoleh kesimpulan. Sistem pakar ini nantinya akan menghasilkan keluaran/output yang berupa hasil diagnosa dan cara penanganan jenis pasal-pasal tersebut.","is"
2016.0,"Sistem Pakar Diagnosa Penyakit dan Relasionalitas Obat Apotek Amor","Perkembangan teknologi informasi dan komunikasi saat ini berpengaruh besar terhadap berbagai aspek kehidupan bahkan perilaku dan aktivitas manusia kini banyak tergantung kepada teknologi informasi dan komunikasi. Salah satu contohnya adalah pemanfaatan teknologi berbasis sistem pakar. Perkembangan aplikasi berbasis sistem pakar sangatlah diminati sejak tahun 1950 dengan cakupan area yang cukup luas. Sistem pakar pada organisasi ditujukan untuk penambahan value peningkatan produktivitas serta area manajerial yang dapat mengambil kesimpulan dengan cepat. Pada penelitian ini dikembangkan sebuah aplikasi â€œSistem Pakar Diagnosa Penyakit dan Relasionalitas Obatâ€?. Aplikasi ini dibangun untuk bisa menjadi suatu alternatif dalam mendiagnosa suatu jenis penyakit berdasarkan gejala yang dirasakan user sehingga user menemukan solusi atas permasalahan yang dihadapi. Dari hasil pengujian yang dilakukan dengan metode black box dapat disimpulkan bahwa aplikasi ini dapat berfungsi baik. Dan dapat memberikan kemudahan bagi pengguna dalam mendiagnosa penyakit dan merekomendasikan obat apa yang cocok bagi penderita penyakit.","is"
2018.0,"Rancang Bangun Aplikasi Diagnosis Penyakit Hewan Peliharaan Berbasis Android Menggunakan Metode Certainty Factor Berdasarkan Metode Diagnosis Anamnesis","Kesejahteraan hewan (Animal Welfare) merupakan suatu usaha untuk memberikan kondisi lingkungan yang sesuai bagi satwa sehingga berdampak ada peningkatan sistem psikologi dan fisiologi satwa. Masalah kesejahteraan hewan merupakan hal penting karena sejak dahulu kala hubungan antara manusia dan hewan sejatinya tidak dapat dipisahkan Tujuan dari penelitian ini adalah merancang dan membuat aplikasi berbasis android untuk mendeteksi dan menangani penyakit pada hewan peliharaan serta memberikan pemahaman dan informasi kepada pemilik hewan tentang jenis penyebab dan penanganan penyakit pada hewan peliharaan berbasis Android sehingga dapat mencegah kemungkinan penularan dan perkembangan penyakit tersebut sehingga dapa menjadi semakin parah dan membahayakan hewan dan pemiliknya. Dalam melakukan penelitian ini jenis penelitian yang digunakan yaitu jenis penelitian kualitatif dimana strategi yang digunakan adalah Design and Creation. Dipilihnya jenis penelitian ini oleh penulis dikarenakan konsep dari Design and Creation sangat tepat untuk mengelola penelitian ini. Disamping melakukan penelitian tentang judul ini penulis juga mengembangkan produk berdasarkan penelitian yang dilakukan. Berdasarkan hasil pengujian yang telah dilakukan pada setiap proses disimpulkan bahwa proses secara fungsional sistem telah dapat menghasilkan output yang diharapkan sebagaimana tujuan dari penelitian ini","is"
2017.0,"Rancang Bangun Aplikasi Sistem Pakar Penentuan Rekomendasi Resep Masakan Berdasrkan Ketersediaan Bahan Makanan","Sistem pakar penentuan rekomendasi resep masakan ini dibuat berawal dari kehidupan seorang yang tidak jarang mengalami kebingungan dan kesulitan untuk menentukan menu masakan apa yang bisa dibuat dengan bahan yang tersedia didapur. Karena itulah sistem pakar ini bertujuan untuk membantu pengguna (user) dengan memberikan alternatif menu masakan yang sesuai dengan ketersediaan bahan yang dimiliki penguna. Sistem pakar ini menggunakan metode inference forward chaining (pelacakan ke depan) dan backward chaining (pelacakan kebelakang).  Metode penelitian pada penelitian ini adalah penelitian kualitatif dimana strategis yang digunakan adalah Design and Creation. Penelitian ini menggunakan metode pengumpulan data wawancara observasi dan studi literatur. Metode perancangan yang digunakan adalah waterfall dan teknik pengujian yang digunakan adalah Black Box dan White-Box. Dari penelitian ini menghasilkan aplikasi sistem pakar penentuan rekomendasi resep masakan berdasarkan ketersediaan bahan makanan ini dibuat dengan berbasis web yang responsif sehingga dapat diakses oleh penguna dimanapun berada selama masih terhubung dengan internet. Berdasarkan kesimpulan hasil ujicoba menunjukkan bahwa aplikasi ini mudah digunakan memberikan informasi yang lebih baik daripada layanan sejenis dan memudahkan pengguna dalam menentukan menu resep masakan yang akan dibuat.","is"
2017.0,"Penerapan Algoritma Genetika dan Perbandingannya dengan Algoritma Greedy dalam Penyelesaian Knapsack Problem","Permasalahan optimasi adalah suatu permasalahan yang mempunyai banyak solusi dan harus bisa ditentukan solusi mana yang dikatakan optimal. Optimasi bermanfaat dalam bidang jasa pengangkutan barang seperti pengangkutan barang ke dalam peti kemas. Dalam usaha tersebut diinginkan keuntungan yang maksimal untuk mengangkut barang yang ada dengan tidak melebihi batas kapasitas. Permasalahan semacam ini sering dianalogikan dengan permasalahan Knapsack. Solusi dari Knapsack Problem dalam pengangkutan barang ke dalam peti kemas dapat dilakukan dengan menerapkan algoritma genetika dan algoritma greedy. Algoritma genetika dan greedy yang diterapkan ke dalam suatu aplikasi dapat digunakan untuk menyelesaikan permasalahan Knapsack pada pengangkutan barang dalam peti kemas dengan perolehan profit lebih besar. Tujuan dari penelitian ini adalah menerapkan algoritma genetika dan membandingkan dengan algoritma greedy dalam menyelesaikan knapsack problem. Dalam melakukan penelitian ini jenis penilitian yang digunakan adalah design and creation metode perancangan yang digunakan adalah metode waterfall. Aplikasi ini berbasis web. Pemodelannya menggunakan flowchart dan diuji dengan metode pengujian whitebox. Hasil dari pengujian whitebox berdasarkan perhitungan yang dilakukan dengan rumus Cyclomatic Complexity pada flowgraph sudah sesuai dengan alur program yang dirancang. Kesimpulan dari penelitian ini adalah baik algoritma genetika dan algoritma greedy sama-sama dapat menyelesaikan knapsack problem. Akan tetapi algoritma genetika lebih optimal dalam kasus dengan jumlah banyak barang. Sedangkan algoritma greedy unggul dalam kompleksitas waktu pencarian solusi.","is"
2019.0,"Perancangan Aplikasi Lembaga Kursus Dan Pelatihan Di Kota Makassar Menggunakan Metode LBS (Location Based Service)","Seiring dengan berkembangnya teknologi informasi dan komunikasi dan berdasarkan hasil pengamatan khususnya pada perangkat mobile yaitu smartphone dan tablet maka para pengguna perangkat mobile menjadi lebih mudah dalam mencari informasi misalnya mencari informasi mengenai lokasi pencarian lembaga kursus dan pelatihan di kota Makassar. Penelitian ini bertujuan membangun sebuah aplikasi pencarian lembaga kursus dan pelatihan di kota Makassar menggunakan metode location based service (LBS) untuk menampilkan lokasi atau tempat dipeta menentukan tempat terdekat yang berada disekitar user dan menampilkan rute ke tempat tersebut. Apliksi di bangun pada telpon pintar android GPS untuk menampilkan posisi user dan google maps sebagai penampilan data. Dalam melakukan penelitian menggunakan penelitian deskriptif kualitatif yang bertujuan untuk memahami fenomena-fenomena sosial. Penelitian ini menggunakan pendekatan penelitian saintifik yaitu pendekatan penelitian berdasarkan ilmu pengetahuan dan teknologi. Dalam penelitian ini juga penulis menggunakan metode pengambilan data secara kualitatif yakni dengan cara melihat langsung proses dan masalah dalam ruang lingkup wilayah yang diteliti untuk menemukan masalah dan mewawancarai langsung pihak-pihak yang terkait dalam lingkungan yang diteliti. Dan metode yang dilakukan untuk mendapatkan data dan informasi adalah metode survey dan metode studi pustaka. Aplikasi ini diuji menggunakan metode black box yaitu menguji perangkat lunak dari segi spesifikasi fungsional. Pengujian yang dimaksudkan apakah fungsi-fungsi masukan dan keluaran dari perangkat sesuai dengan spesifikasi yang dibutuhkan. Hasil dari pengujian aplikasi ini menyimpulkan bahwa fungsi yang diharapkan semuanya berhasil dan diterima sesuai dengan keinginan yang ada pada tujun penelitian.","is"
2019.0,"Aplikasi Pendeteksi Penyakit Pada Balita Menggunakan Metode Cosine Similarity dan Algoritma Nazief Adriani","Kesehatan merupakan prioritas utama bagi keluarga. Terkadang ada orang tua yang belum mengetahui ilmu tentang kesehatan pada anak atau balita. Sebagian dari mereka banyak yang salah dalam menanggapi gejala â€“ gejala penyakit yang timbul pada balita dan sering melakukan pengobatan sendiri tanpa adanya bimbingan dari dokter atau pakar yang menyebabkan kesalahan dalam pemberian pertolongan pertama kepada balitanya. Sehingga dibutuhkan suatu aplikasi untuk membantu orang tua melakukan pertolongan pertama pada balitanya.Aplikasi yang saya buat menggunakan metode Cosine Similarity (membandingkan data latih yang ada disistem dan data uji yang diinput oleh user) dan Algoritma Nazief Adriani (mengubah kata yang berimbuhan menjadi kata dasar). Pendekatan atau metode yang digunakan dalam penelitian ini adalah penelitian kualitatif dimana penelitian tentang riset yang bersifat deskriptif dan cendrung menggunakan analisis proses dan makna lebih ditonjolkan. Penelitian ini menggunakan metode pengumpulan data observasi wawancara/kuisioner dan studi pustaka yaitu dengan mencari referensi di buku dan jurnal yang berkaitan dengan objek yang diteliti. Metode perancangan yang digunakan adalah waterfall dan teknik pengujian yang digunakana adalah WhiteBox testing (glass box). Hasil dari penelitian ini adalah dihasilkannya sebuah aplikasi untuk memudahkan orang tua dalam memberikan pertolongan pertama pada balitanya. Sehingga tidak lagi mengantri dan membawa balitanya ke puskesmas atau ke dokter praktek. Berdasarkan hasil uji coba menunjukkan bahwa aplikasi ini mudah dipelajari oleh masyarakat dan terdapat beberapa informasi tentang penyakit pada balita.","is"
2018.0,"Rancang Bangun Sistem Pakar Berbasis Mobile Untuk Mendiagnosa Penyakit Tropis","Kesehatan merupakan salah satu faktor penting untuk melakukan aktivitas sehari-hari. Namun sebagian masyarakat tidak peduli terhadap kesehatan tubuhnya sehingga pada akhirnya banyak penyakit yang terlambat didiagnosis menyebabkan kondisi pada tahap yang serius. Seperti tifus filariasis chikungunya tuberculosis demam berdarah cacingan hepatitis dan malaria. Dimana semua penyakit tersebut dikelompokan kedalam penyakit tropis. Pada umumnya jika masyarakat terkena gejala penyakit tersebut maka akan pergi ke rumah sakit atau puskesmas terdekat untuk melakukan pemeriksaan. Namun masih banyak masyarakat yang tidak ingin atau tidak bisa ke dokter karena beberapa hal seperti biaya yang mahal dan rasa takut. Oleh sebab itu perlu dibuatkan aplikasi sistem pakar untuk mendiagnosa penyakit tropis bagi masyarakat sebagai sarana dalam mengatasi masalah tersebut. Dalam melakukan penelitian ini digunakan jenis penelitian kualitatif dengan metode design and creation. Kemudian melakukan metode wawancara dengan dokter dalam pengumpulan data. Selain itu metode perancangan System Development Life Cycle (SDLC) digunakan untuk pembuatan sistem. Aplikasi ini berjalan pada perangkat mobile dengan sistem operasi android. Dirancang menggunakan bahasa pemrograman Java dan diuji menggunakan metode pengujian blackbox. Dengan adanya penelitian ini maka dihasilkan sebuah sistem pakar untuk mendiagnosa penyakit tropis dimana sistem ini mengadopsi pengetahuan dokter ke dalam sistem. Sistem pakar ini akan menghasilkan keluaran/output yang berupa hasil diagnosa dan cara penanganan jenis penyakit tropis tersebut.","is"
2017.0,"Penyelesaian Masalah Transportasi Bikriteria dengan Metode Logika Fuzzy Evolusi (Studi Kasus PT. JNE Cabang Makassar)","Penelitian ini dilatarbelakangi oleh kesulitan kurir menentukan rute terbaik untuk meminimumkan jarak dan waktu dalam pengiriman barang. Berdasarkan latar belakang tersebut peneliti membuat suatu aplikasi yang disebut Penyelesaian Masalah Transportasi Bikriteria dengan Metode Logika Fuzzy Evolusi pada PT. JNE Cabang Makassar. Pengambilan data dilakukan dengan cara dokumentasi. Data yang diambil berupa daftar alamat rumah penerima barang di wilayah Kota Makassar selanjutnya dilakukan pencarian koordinat masing-masing lokasi dengan bantuan Google. Analisis data dilakukan dengan menggunakan mekanisme algoritma fuzzy evolusi yang diaplikasikan dengan program Matlab. Penentuan probabilitas crossover (pc) probabilitas mutasi (pm) jumlah kromosom dalam 1 generasi dan maksimum generasi memberikan pengaruh yang signifikan terhadap solusi optimal yang bisa didapatkan. Perancangan dalam membangun sistem ini terbagi atas use case diagram class diagram activity diagram flowchart dan perancangan antarmuka. Jenis penelitian yang digunakan adalah kualitatif dengan menggunakan Design and Creation. Penelitian ini menggunakan metode pengumpulan data wawancara dan observasi. Metode perancangan yang digunakan adalah waterfall dan teknik pengujian yang digunakan adalah blackbox dan kousioner. Penelitian ini menghasilkan sistem pemecahan rute terbaik dalam bentuk desktop yang mampu membantu setiap kurir dalam meminimumkan jarak dan waktu pengiriman barang.","is"
2019.0,"RANCANG BANGUN SISTEM PENTERJEMAH KATA BAHASA ISYARAT INDONESIA (SIBI) DENGAN MENGGUNAKAN ALGORITMA LINEAR DISCRIMINANT ANALISYS BERBASIS DESKTOP","Komunikasi adalah suatu proses di mana seseorang atau beberapa orang menciptakan dan menggunakan informasi agar terhubung dengan lingkungan dan orang lain. Pada umumnya komunikasi terbagi atas komunikasi verbal dan non verbal. Orang yang memliki keterbatasan dalam berkomunikasi dengan sesamanya menggunakan bahasa isyarat. Bahasa isyarat salah satu media komunikasi utama bagi para penderita tuna rungu-wicara bagi pada penderita tuna rungu-wicara di seluruh dunia. Kesulitan dalam berkomunikasi akan berpengaruh pada kehidupan dan hubungan interpersonal dalam komunitas tuna rungu-wicara. Penelitian ini bertujuan membangun sistem yang dapat mengenali pola kata bahasa isyarat Indonesia SIBI menggunakan Leap Motion Control dan Algoritma Linear Descriminant Analisys.Jenis penelitian yang digunakan pada penelitian ini adalah penelitian eksperimental. Metode pengumpulan data yang digunakan pada penelitian ini berupa observasi studi letarature dan wawancara. Metode perancangan aplikasi yang digunakan adalah metode waterfall dan teknik pengujian sistem yang digunakan adalah metode pengujian per blok. Hasil dari penelitian ini adalah berupa kata dan suara yang dikonversikan dari gerakan jari-jari dan tangan. Kesimpulan dari penelitian dapat membantu tuna rungu-wicara berkomunikasi dengan orang normal melalui Leap Motion Controller dengan menghasilkan sebuah kata/kalimat dan suara pada layar desktop.","is"
2018.0,"Sistem Pendukung Keputusan Penentuan Varietas Bawang Merah pada Lahan Berbatu (Litosol) Menggunakan Metode SAW (Simple Additive Weighting) di Kab.Enrekang","Pertanian merupakan salah satu sumber mata pencaharian terbesar di Indonesia yaitu kegiatan pemanfaatan sumber daya hayati terkhususnya dalam pembudidayaan tanaman untuk menghasilkan bahan pangan obat-obatan dll. Salah satu tanaman yang sering dimanfaatkan dalam bidang pertanian yaitu tanaman bawang merah. Kabupaten Enrekang merupakan salah satu kabupaten yang dikembangkan sebagai sentra produksi terbesar bawang merah. Tetapi masih banyak petani yang memiliki lahan yang tidak produktif seperti lahan berbatu sehingga masih menjadi kendala dalam memproduksi bawang merah yang berkualitas. Hal ini menjadi suatu hambatan bagi petani yang memiliki lahan berbatu untuk memilih variteas bawang merah yang cocok untuk di tanam di lahan tersebut disebabkan kurang dan terbatasanya pengetahuan petani sehingga perlu adanya media bantu berupa sistem pendukung keputusan yang dapat membantu memilih varietas yang baik untuk lahan berbatu. Penelitian ini membangun sebuah perangkat lunak sistem pendukung keputusan berbasis web mengenai penentuan varietas bawang merah yang cocok untuk di tanam di lahan berbatu dengan metode simple additive weighting . Sebuah metode yang akan mencari solusi kesimpulan berdasarkan penjumalahan terbobot dari suatu rating kinerja setiap atribut. Jenis penelitian yang digunakan pada penelitian ini metode penelitian korelasi. Metode pengumpulan data yang digunakan berupa observasiwaawancara dan dokumentasi. Metode pengembangan sistem yang diguanakan adalah waterfall dan teknik pengujian sistem yang diguankan adalah Black Box. Penelitian yang dilakukan menghasilkan perangkat lunak sistem yang berguna sebagai media konsultasi mengenai penetuan varietas bawang merah yang cocok dan baik di tanam di lahan berbatu pertanian. Informasi yang dihasilkan berbasi pada kriteria lahan yang ada dengan kriteria lahan bawang merah sehingga keputusan yang dibuat oleh sistem untuk jenis varietas bawang mengacu pada kriteria lahan tersebut. Hasil uji coba menunjukkan bahwa aplikasi layak dan dapat digunakan.","is"
2019.0,"Implementasi Metode Analytical Hierarchy Process Multikriteria dalam Sistem Pendukung Keputusan Penentuan Lulusan Terbaik Tingkat Fakultas Pada Universitas Islam Negeri Alauddin Makassar","Pendidikan merupakan proses pengembangan kecakapan seseorang dalam bentuk sikap dan perilaku yang berlaku di masyarakat. Proses pengambilan keputusan penentuan lulusan terbaik tingkat fakultas pada Universitas Islam Negeri Alauddin Makassar masih mengalami kendala hal ini karena belum digunakannya metode yang objektif untuk penentuan keputusan secara cepat. Selama ini proses pemilihan lulusan terbaik hanya menggunakan Indeks Prestasi Komulatif (IPK) sebagai indikatornya padahal masih ada indikator atau kriteria-kriteria lain yang perlu dilibatkan. Berdasarkan hal ini maka diimplemantasikanlah Metode Analytical Hierarcy Process (AHP) untuk menentukan lulusan terbaik yang berkualitas sehingga menghasilkan informasi yang relevan dan terintegrasi. Dalam melakukan penelitian ini jenis penelitian yang digunakan adalah Penelitian Deskriptif Kualitatif. dimana mengacu pada studi kuantitatif studi komparatif (perbandingan) serta dapat juga menjadi sebuah studi korelasi (hubungan) antara satu unsur dengan unsur lainnya. Adapun metode perancangannya menggunakan Unified Modeling Language (UML). Penelitian ini menggunakan metode Black box. Adapun hasil dari pengujian sistem menurut 20 responden aplikasi sangat mudah digunakan metode sudah tepat dan fitur aplikasi berfungsi baik dengan persentase 70%. Hasil dari penelitian ini dapat membantu permasalahan Universitas Islam Negeri Alauddin Makassar dalam menentukan lulusan terbaik tingkat fakultas dengan membandingkan nilai kriteria yang ada.","is"
2018.0,"Sistem Pendukung Keputusan dalam Pemilihan Program Studi di Perguruan Tinggi untuk Siswa Madrasah dan Pesantren Berbasis Android","Keputusan adalah aktifitas yang diambil sebagai dasar suatu permasalahan. Mengambil keputusan akan sangat berpengaruh pada kehidupan ke depannya sesuai dengan keputusan yang dipilih. Begitu pula dengan siswa tingkat menengah atas pada madrasah dan pesantren yang ingin melanjutkan pendidikannya ke jenjang yang lebih tinggi. Banyaknya pertimbangan bagi siswa madrasah dan pesantren seperti bidang studi yang dikuasai minat siswa cita-cita nilai akademik lingkungan pergaulan dan harapan orang tua ditambah dengan latar belakang pendidikan mereka yang juga mempelajari ilmu agama yang lebih banyak sehingga membuat mereka bingung dalam memilih program studi untuk melanjutkan pendidikannya. Terkait dengan permasalahan di atas dibutuhkan teknologi untuk memudahkan siswa madrasah dan pesantren dalam memilih program studi di perguruan tinggi. Tujuan dari penelitian ini adalah memberi kemudahan kepada siswa madrasah dan pesantren dalam memilih program studi di perguruan tinggi sesuai dengan nilai bakat dan minatnya. Jenis penelitian yang digunakan pada penelitian ini adalah penelitian kualitatif. Metode pengumpulan data yang digunakan pada penelitian ini berupa observasi dan studi literatur. Metode pengembangan sistem yang digunakan adalah waterfall dan teknik pengujian sistem yang digunakan adalah Black Box. Hasil penelitian ini adalah berupa sebuah sistem pendukung keputusan dalam pemilihan program studi di perguruan tinggi untuk siswa madrasah dan pesantren berbasis android. Kesimpulan dari penelitian ini bahwa sistem ini mudah digunakan untuk siswa sehingga siswa dapat dengan mudah memilih program studi untuk melanjutkan pendidikannya ke jenjang yang lebih tinggi.","is"
2017.0,"Rancang Bangun Sistem Perkir Valet Otomatis Menggunakan Robot Line Follower","Masalah perparkiran adalah salah satu permasalahan kompleks yang banyak ditemui di kota-kota besar dimana jumlah kendaraan tidak sesuai dengan lahan parkir yang disediakan termasuk di kantor maupun di tempat-tempat umum lainnya. Penelitian ini bertujuan untuk merancang sistem parkir valet otomatis dengan bantuan robot line follower. Sistem parkir valet adalah suatu kegiatan untuk memarkirkan kendaraan yang dibantu oleh petugas sehingga tidak perlu lagi pemilik kendaraan untuk mencari tempat parkir karena sudah dilakukan oleh petugas parkir. Dengan menggunakan robot parkir yang merupakan salah satu mobile robot yang dirancang untuk dapat memarkirkan kendaran dengan cepat pada suatu arena yang telah ditentukan. Proses pendeteksian adanya kendaraan yang terparkir menggunakan infrared sensor dan dibuatkan alat sistem untuk menampilkan kondisi parkir. mikrokontroller Atmega32 sebagai kontrol gerak robot Arduino Uno sebagai kontrol pengangkat kendaraan dan Arduino Mega 2560 sebagai alat sistem informasi robot. Metode penelitian yang digunakan adalah penelitian kuantitatif. Penelitian kuantitatif yang dilakukan adalah metode penelitian eksperimental. Dengan melakukan eksperimen terhadap variabael-variabel kontrol (input) untuk menganalisis output yang dihasilkan. Output yang dihasilkan akan dibandingkan dengan output tanpa adanya pengontrolan variabel. Hasil penelitian ini adalah sebuah robot parkir dengan 10 sensor photodiode sebagai pengikut garis yang digunakan untuk memarkirkan kendaraan pada lokasilokasi parkir yang masih kosong dan dibuatkan alat sistem informasi agar dapat mengetahui kondisi tempat parkir dengan pembacaan sensor inframerah yang dapat mengetahui adanya kendaraan yang parkir atau tidak sehingga dapat diketahui lokasi parkiran yang masih kosong.","is"
2016.0,"Sistem Parkir Otomatis Mengidentifikasi Identitas Pengendara Dengan Biometrik Dan Kendaraan Dengan RFID","Keamanan merupakan suatu hal yang sangat krusial dimanapun kita berada. Tidak hanya dilingkungan tempat kita tinggal di lingkungan kampuspun keamanan merupakan suatu hal yang sangat penting karena keamanan merupakan salah satu faktor yang dapat mempengaruhi tingkat kualitas dari sebuah perguruan tinggi. Untuk memberikan keamanan dan kenyamanan bagi mahasiswa yang memarkir kendaraanya diperlukan sistem perparkiran yang dapat memberikan rasa aman terhadap kendaraanya saat menjalani aktifitas akademik di kampus. Dimana sistem perparkiran ini nantinya dapat mengidentifikasi pengendara dengan biometrik menggunakan Intel Realsence dan kendaraan dengan RFID menggunakan RDM 6300. Mikrokontroller yang digunakan adalah mikrokontroller Intel Galileo Gen 3 sebagai kontrol utama sistem. Metode penelitian yang digunakan adalah penelitian eksperimen. Penelitian eksperimen yang dilakukan adalah metode penelitian eksperimental. Dengan melakukan eksperimen terhadap variabael-variabel kontrol (input) untuk menganalisis output yang dihasilkan. Output yang dihasilkan akan dibandingkan dengan output tanpa adanya pengontrolan variabel. Hasil penelitian ini adalah sistem kontrol robot yang dapat mengidentifikasi biometrik wajah dengan Kamera Intel Realsence dalam mendeteksi pengendara pembacaan tag RFID dengan RFID Reader untuk mendeteksi kendaraan serta keseluruhan proses pada sistem parkir sampai terbukanya palang parkir ketika data pengendara dan kendaraan terdaftar pada sistem.","is"
2018.0,"Rancang Bangun Robot Penanam Benih Jagung Otomatis Berbasis Mikrokontroller","Indonesia adalah negara agraris yang memiliki potensi alam dibidang pertanian. Ada juga mereka para petani yang menanam jagung di kebun. Dewasa ini sebagian besar petani jagung masih menanam benih dengan menggunakan metode konvesional yang membutuhkan banyak tenaga dan operator (manusia). Penelitian ini bertujuan untuk merancang sebuah robot penanam otomatis. dimana petani tidak perlu lagi menggunakan tenaga manusia untuk penanaman benihnya. Proses ini dilakukan secara otomatis dan lebih mudah digunakan oleh petani Dengan mikrokontroller Arduino Uno sebagai sebagai kompoenen utama. Metode penelitian yang digunakan adalah penelitian kuantitatif. Penelitian kuantitatif yang dilakukan adalah metode penelitian eksperimental. Dengan melakukan eksperimen terhadap variabael-variabel kontrol (input) untuk menganalisis output yang dihasilkan. Output yang dihasilkan akan dibandingkan dengan output tanpa adanya pengontrolan variabel. Hasil penelitian ini adalah sebuah robot penanam benih jagung otomatis dengan 6 sensor photodioda sebagai pembaca garis sekaligus jalur pada lahan tanam dan Motor Servo sebagai pengontrol gerak pada lengan penanam robot.","is"
2018.0,"Aplikasi komunikasi penyandang tuna rungu dengan metode speech recognition teknologi berbasis android","Komunikasi merupakan proses transfer informasi dari satu orang ke orang lainya. Dalam menjalankan aktivitas sehari-hari manusia senantiasa saling membutuhkan manusia lainnya. Baik itu dalam hal pemenuhan kebutuhan maupun hanya sekedar saling berkomunikasi satu dengan yang lainnya. Aktivitas berkomunikasi tersebut merupakan kegiatan yang mutlak diharuskan dalam suatu komunitas masyarakat tertentu.. Penyandang Tuna Rungu mempunyai masalah dalam melakukan komunikasi dikarenakan memiliki kekurangan dalam hal pendengaran bahkan penyandang tuna rungu sebagian besar juga memiliki kekurangan dalam berbicara. Salah satu cara penyandang tuna rungu untuk berkomunikasi adalah dengan bahasa isyarat namun hal ini menjadi masalah jika komunikasi berlangsung antara orang normal dan penyandang tuna rungu karena sebagian besar orang normal tidak bisa bahasa isyarat sehingga transfer informasi tidak berjalan dengan baik . Salah satu cara untuk menyelesaikan masalah komunikasi tersebut dengan memanfaatkan teknologi yang tengah berkembang saat ini yaitu speech recognition yang memanfaatkan perubahan suara menjadi teks dan juga merubah teks menjadi suara. Teknologi speech recognition tersebut dapat diterapkan pada sistem android yang dapat diakses pada smartphone Metode penelitian pada penelitian ini adalah penelitian kualitatif dimana strategis yang digunakan adalah Design and Creation. Penelitian ini menggunakan metode pengumpulan data observasi dan studi literatur. Metode perancangan yang digunakan adalah waterfall dan teknik pengujian yang digunakan adalah Black Box. Hasil diagnosanya menggunakan metode certainty factor (CF). Certainty factor merupakan cara dari penggabungan kepercayaan dan ketidakpercayaan dalam bilangan yang tunggal. Dalam certainty theory data-data kualitatif direpresentasikan sebagai derajat keyakinan (degree of belief). Berdasarkan hasil ujicoba menunjukkan bahwa aplikasi ini mudah digunakan memberikan cara berkomunikasi yang efektif bagi penyandang tuna rungu.","is"
2017.0,"Analisis Sentimen Pengguna Twitter terhadap Objek Pariwisata di Indonesia menggunakan Algoritma Pengolahan Deep Natural Language dari IBM Insights untuk Twitter","Penelitian ini dilatarbelakangi untuk memanfaatkan teknologi sosial media dalam hal mengetahui respon dan pendapat masyarakat terhadap objek pariwisata di Indonesia juga untuk memperluas pasar dan mengelola hubungan dengan konsumen membutuhkan informasi sebagai pendukung keputusan. Salah satu informasi yang dapat digunakan adalah informasi dari media sosial. Twitter adalah raksasa utama media sosial dengan jutaan pengguna dan memberikan wawasan yang unik data yang ada di dalam Twitter bisa membantu mengetahui sentimen pasar secara objektif. Adapun tujuan dari penelitian ini adalah untuk menghasilkan polaritas sentimen pengguna Twitter mengenai objek pariwisata di Indonesia dalam bentuk diagram pie. Pada penelitian ini menggunakan metode penelitian kualitatif dengan metode pengumpulan data yaitu studi literatur. Bahasa pemrogaraman yang digunakan adalah bahasa pemrograma Python sebagai backend dan HTML sebagai frontend-nya serta pengujian aplikasi ini menggunakan metode Black box. Hasil dari penelitian ini adalah sebuah sistem berbasis web yang dapat menampilkan polaritas dari tweet apakah bernilai positif negatif atau netral yang dapat memberikan kemudahan dalam mengetahui pendapat pengguna Twitter mengenai kata kunci atau topik yang dimasukkan.","dse"
2022.0,"Perbandingan Analisis Sentimen Algoritma Support Vector Machine dan NaÃ¯ve Bayes Terhadap Tanggapan Publik Tentang Pembelajaran Online di Masa Pandemi Covid-19","Latar belakang pemilihan judul ini adalah memanfaatkan media sosial untuk mengetahui respons dan sentimen publik terkait pembelajaran online yang dilaksanakan sejak adanya covid-19. Twitter adalah salah satu rujukan bagi para netizen untuk menuangkan opini positif atau negatifnya. Dari hal tersebut akan dilakukan analisis sentimen komentar pengguna twitter tentang pembelajaran online di masa pandemi yang mulai menyebar ke seluruh penjuru dunia pada tahun 2020. Di samping itu penelitian ini juga untuk melihat performa kedua algoritma yang dibandingkan. Penulis menggunakan penelitian kualitatif agar mampu memahami dengan baik seperti apa fenomena yang dialami oleh subjek penelitian. Untuk pendekatan penelitian menggunakan pendekatan induktif yang menjelaskan hasil penelitian dari data di lapangan. Adapun sumber data berasal dari tweet pengguna twitter yang membahas topik pembelajaran online selama masa pandemi. Selanjutnya metode pengumpulan data dilakukan dengan cara crawling data twitter. Sedangkan teknik pengolahan dan analisis data melewati beberapa tahapan yakni pengolahan data analisis data dan analisis algoritma. Hasil analisis sentimen yang terbaik didapatkan dengan cara melakukan perbandingan dua algoritma klasifikasi yaitu support vector machine dan naÃ¯ve bayes. Pengujian akurasi presisi dan recall menggunakan k-fold cross validation untuk mengetahui seberapa akurat kinerja dari algoritma. Algoritma yang terbaik adalah algoritma yang menghasilkan output yang dominan tepat dan skor pengujian yang lebih tinggi.","dse"
2019.0,"Sistem Peminjaman Buku dan Referensi Menggunakan Barcode Handphone Dengan Metode Cosine Similarity Serta Algoritma Stemming Nazief dan Adriani Berbasis Android","Semakin berkembangnya zaman perpustakaan tidak lagi hanya menjadi tempat untuk mendapatkan informasi dan pengetahuan tetapi juga untuk memenuhi kebutuhan akan informasi. Perpustakaan juga menjadi tempat untuk mengembangkan informasi-informasi yang bersumber dari pelajar dan pengajar dengan menjadikan perpustakaan sebagai pusat penelitian dan aktifitas ilmiah lainnya. Beberapa perpusatakaan mulai menerapkan perpustakaan digital. Perpustakaan digital atau cyber library dapat menghasilkan informasi yang bisa diakses dengan cepat tepat dan benar. Oleh sebab itu saya membuat sistem peminjaman yang bisa mempermudah dengan cara scan barcode pada buku melalui handphone. Pada penelitian ini memakai jenis penelitian kualitatif. Metode yang dipakai dengan cara mengumpulkan data wawancara dan studi pustaka dengan mencari referensi di buku dan jurnal yang berkaitan dengan masalah yang diteliti. Metode perancangan yang dipakai adalah prototyping dan teknik pengujian yang dipakai adalah Black Box. Dari penelitian ini didapatkan hasil perancangan sistem yang memudahkan peminjam buku dengan cara scan barcode yang terdapat pada buku. Dan memudahkan peminjam ketika mencari buku yang ingin dipinjam karena menggunakan metode cosine similarity dan algoritma stemming Nazief dan Adriani.","dse"
2022.0,"Sistem Uji Kelayakan Penerima Bantuan Langsung Tunai Badan Penyelenggara Jaminan Sosial Menggunakan Metode Klasifikasi Algoritma NaÃ¯ve Bayes Pada Desa Tamatto Kecamatan Ujung Loe Kabupaten Bulukumba","Penelitian ini di latar belakangi oleh banyaknya pendaftar penerima bantuan BLT BPJS di desa Tamatto kecamatan Ujung Loe kabupaten Bulukumba yang membuat staf desa selaku pengurus membutuhkan waktu yang cukup lama untuk mendapatkan hasil keputusan berupa layak atau tidak seseorang untuk mendapatkan bantuan. Maka dibutuhkan sebuah sistem uji kelayakan penerima bantuan BLT BPJS. Tujuan penelitian ini yaitu merancang sistem untuk mengetahui hasil rekomendasi / keputusan penerima yang layak mendapatkan bantuan BLT BPJS. Jenis penelitian yang dilakukan merupakan penelitian kuantitatif dengan memakai pendekatan penelitian eksperimental metode pengumpulan data yang digunakan adalah observasi. Metode yang digunakan dalam pembuatan aplikasi adalah metode klasifikasi algoritma naÃ¯ve bayes. Hasil penelitian ini menunjukkan bahwa sistem uji kelayakan penerima bantuan BLT BPJS dengan menggunakan metode klasifikasi algoritma naÃ¯ve bayes dapat membantu untuk menyampaikan informasi berupa kelayakan seorang penerima bantuan BLT BPJS dengan akurasi hasil sebanyak 83689% dengan menggunakan sebanyak 1036 sampel data.","dse"
2014.0,"Pembuatan Aplikasi Real Quick Count Berbasis Web","Pilkada merupakan pesta demokrasi di suatu daerah yang diadakan setiap lima tahun sekali untuk memilih Kepala Daerah dan Wakil Kepala Daerah. Perhitungan suara membutuhkan waktu yang sangat lama dan tidak efisien karena jumlah suara dan jumlah TPS yang begitu banyak. Pada saat sekarang ini satu jam dari pelaksanaan Pilkada sudah bisa dilihat hasil sementara pemenang dalam pilkada tersebut. Hasil Sementara tersebut bisa dilihat dengan metode penghitungan real quick count dengan kombinasi teknologi sms gateway. Adapun yang menjadi rumusan masalah dalam penelitian ini adalah bagaimana penulis menghasilkan sebuah sistem yang dapat membantu proses penghitungan suara dengan waktu yang cepat. Selain itu pada proses pembuatan aplikasi ini menggunakan beberapa software seperti Notepad++ sebagai wadah untuk menampung source code HTMLCSSPHPJavascript serta software Xampp selaku wadah untuk menampung basis data dari aplikasi tersebut. Pada penelitian ini proses pengiriman data perolehan suara di tiap-tiap TPS dikirim oleh masing-masing relawan yang telah terdaftar dalam sistem melalui SMS dengan format yang telah ditentukan sebelumnya. Hasil dari tugas akhir ini adalah sebuah aplikasi berbasis website yang akan menampilkan data hasil perhitungan suara dalam bentuk diagram batang dan hanya dapat diakses menggunakan browser.","dse"
2017.0,"Rancang Bangun Sistem Untuk Menganalisis Kelayakan Harga Satuan Pekerjaan Kontruksi Pada Bina Marga Provinsi Sulawesi Barat Berbasis Web","Di Indonesia pembangunan nasional diamanatkan kepada Kementerian Pekerjaan Umum Dan Perumahan Rakyat (PUPR) dengan mengeluarkan Peraturan Menteri Pekerjaan Umum Dan Perumahan Rakyat Nomor : 28/PRT/M/2016 Tentang Analisis Harga Satuan Bidang Pekerjaan Umum. Salah satu peraturan tersebut adalah Analisis Harga Satuan Pekerjaan (AHSP) Bidang Bina Marga yang berfokus pada pekerjaan kontruksi jalan dan jembatan. Pedoman tersebut menetapkan langkah-langkah menghitung harga satuan dasar (HSD) tenaga HSD alat dan HSD bahan yang selanjutnya menghitung harga satuan pekerjaan (HSP) sebagai bagian dari harga perkiraan sendiri (HPS) dapat digunakan pula untuk menganalisis harga perkiraan perencana (HPP) untuk penanganan pekerjaan bidang pekerjaan umum. Namun terhadap peraturan tersebut rawan terjadi perubahan sehingga berpengaruh terhadap hasil dari harga satuan pekerjaan. Tujuan penelitian ini adalah sistem untuk menganalisis kelayakan harga satuan pekerjaan kontruksi Bina Marga berdasarkan buku biru / peraturan yang diterbitkan oleh kementrian PU yang dapat membantu Konsultan Perencana bidang Bina Marga Dinas PU dan tenaga ahli lainnya dalam melakukan analisis kelayakan harga satuan pekerjaan. Sumber data yang digunakan dalam merancang dan membangun sistem ini merujuk pada pedoman Analisis Harga Satuan Bidang Pekerjaan Umum dan Spesifikasi Umum 2010 Revisi 3. Dengan menggunakan metode pengujian Black Box dalam pengujian sistem. Hasil penelitian ini adalah sistem untuk menganalisis kelayakan harga satuan pekerjaan kontruksi pada Bina Marga. Kesimpulan dari penelitian ini yaitu membantu tenaga ahli terkait dalam melakukan melakukan analisis kelayakan harga satuan pekerjaan sesuai dengan peraturan yang berlaku serta terdapat fitur konversi dokumen ke pdf.","dse"
2018.0,"Rancang Bangun Sistem Pengelolaan Data Kelurahan Tombolo Berbasis Web","Sistem Informai pendataan penduduk di desa ataupun di kelurahan sampai saat ini masih banyak yang menggunakan sistem manual dimana data-data serta berkas-berkas penduduk masih banyak yang berbentuk fisik yang mana harusnya sistem ini dapat dibuat menjadi lebih sederhana sehingga berkas-berkas penduduk yang tidak terlalu penting dapat diminimalisir sehingga tidak terjadi pertumpukan berkas pada kantor kelurahan ataupun kantor desa. Pada penelitian ini dirancang sebuah sistem yang dapat menyimpan data-data penduduk beserta berkas-berkas penting lainnya seperti Akte KTP surat kelahiran surat kematian surat pindah dan surat pendatang sistem ini bertujuan agar memudahkan staff kantor desa ataupun kelurahan lebih mudah menyimpan data-data penduduk tanpa harus takut kehilangan Website ini dapat dikelola oleh user dengan login menggunkan nomor kartu keluarga dan password yang telah disediakan oleh admin kelurahan. Sistem informasi ini dirancang dengan menggunakan metode waterfall framework codeigniter xampp dimana phpMyAdmin sebagai operator database MySQL sebagai database dan Wamp sebagai server offlinenya serta sublime sebagai pembuatan code program sistem informasi ini. Sistem informasi ini dirancang dengan alur dan desain atarmuka yang sederhana sehingga staff yang menjadi operator lebih mudah menggunakan sistem informasi ini dan hasil akhir dari sistem informasi ini sebagai pengelolah data kelurahan Tombolo Kecamatan Somba Opu Kabupaten Gowa.","dse"
2019.0,"Penerapan Algoritma Temu Kembali Informasi Untuk Data Objek Pariwisata Sulawesi Selatan Berbasis Website","Kurangnya informasi yang didapat dari sebuah perjalanan wisata membuat wisatawan kurang tertarik terhadap objek tersebut misalnya informasi akomodasi dan penjelasan singkat mengenai objek wisata. Selain itu wisatawan juga sangat memerlukan informasi yang valid seputar pariwisata di Provinsi Sulawesi Selatan terkait objek wisata yang akan dikunjungi. Temu kembali informasi atau yang popular juga disebut dengan Information Retrieval merupakan algoritma dalam mencari informasi yang tersimpan dari berbagai sumber (resources) yang relevan atau koleksi sumber informasi yang dicari atau dibutuhkan. Dengan tindakan indeks (indexing) mencari (searching) pemanggilan data kembali (recalling). Dalam pencarian data beberapa jenis data dapat ditemukan diantaranya teks tabel gambar (image) video audio. Adapun tujuan dari Information Retrieval ialah untuk memenuhi informasi pengguna dengan cara mendapatkan kembali dokumen yang relevan atau menguragi dokumen pencarian yang tidak relevan.","dse"
2017.0,"Analisis dan Implementasi Teknik Data Mining dengan Metode Association Rule Mining untuk Memprediksi Strategi Pemasaran Produk Unilever pada PT. Tiran Makassar","Penelitian ini dilatarbelakangi karena masih banyaknya ditemukan produk yang sudah kadaluarsa tetapi tetap diperjualbelikan. Hal ini dapat terjadi salah satunya karena kesalahan strategi pemasaran. Oleh karena itu analisis dan penerapan teknologi data mining diharapkan dapat memberikan solusi sebuah informasi baru yang dapat dijadikan sebagai strategi pemasaran agar dapat meminimalisir kejadian seperti diatas. Kemudian tujuan dari penelitian ini yakni menghasilkan sebuah aplikasi dari yang didalamnya terdapat informasi dari hasil analisis teknik data mining sehingga memudahkan PT. Tiran Makassar mendapatkan strategi untuk pemasaran produk Unilever Indonesia. Perancangan dalam membangun sistem ini terbagi atas Data Flow Diagram flowchart dan perancangan antarmuka. Aplikasi ini berbasis dan dirancang aplikasi ini menggunakan codeigniter Framework yang menggunakan pengujian White Box dan Black Box. Hasil penelitian ini adalah sebuah aplikasi berbasis website yang menerapkan rule data mining. Kesimpulan penelitian ini membantu penemuan informasi baru yang dapat memudahkan PT. Tiran Makassar menemukan strategi yang tepat untuk melakukan pemasaran pada produk Unilever Indonesia.","dse"
2017.0,"Rancang Bangun Simulasi Sistem Penilaian Akreditasi Jurusan Berdasarkan Instrumen penilaian Akreditasi BAN-PT Berbasis Website","Salah satu kriteria untuk menilai layak atau tidaknya baik atau buruknya suatu Program Studi di suatu Institusi adalah dengan melihat status akreditasinya. Status akreditasi suatu Perguruan Tinggi merupakan cermin kinerja dari Perguruan Tinggi yang bersangkutan dan menggambarkan mutu efisiensi dan relevansi terhadap program studi yang diselenggarakan. Program Studi harus mampu mengatur dirinya sendiri dalam upaya meningkatkan dan menjamin mutu pendidikan secara berkelanjutan baik yang berkenaan dengan masukan proses maupun keluaran program akademik dan layanan yang akan diberikan kepada masyarakat selaras dengan bidang pendidikan yang dikelolanya. Penelitian ini bertujuan untuk memberikan prediksi akreditasi mengenai hal-hal yang menjadi faktor-faktor yang dipertimbangkan ketika akreditasi dilakukan oleh BAN-PT. Batasan masalah pada penelitian ini yaitu sistem ini merupakan sistem prediksi bukan rekomendasi. Sistem mengolah data input untuk menghasilkan estimasi nilai akreditasi dan rinciannya. Metode pengembangan sistem yang akan digunakan pada penelitian ini adalah menggunakan waterfall. Metode ini merupakan metode yang paling sering digunakan oleh system analyst pada umumnya. Hasil dari penelitian ini adalah menghasilkan sebuah sistem yang mampu melakukan prediksi nilai akreditasi suatup Program Studi sarjana dan mampu menganalisis hal-hal apa saja yang sebaiknya dipertahankan ditingkatkan atau dihilangkan demi mendapatkan nilai yang sempurna ketika dilakukan akreditasi oleh BAN-PT sehingga peluang suatu Program Studi mendapatkan nilai akreditasi yang sempurna bernilai besar.","dse"
2019.0,"Aplikasi Pendeteksi Plagiat Menggunakan Algoritma Cosine Similarity pada Jurnal INSTEK Berbasis Android","Berkembangnya teknologi informasi dan komunikasi yang semakin pesat menyebabkan pencarian data dan informasi melalui internet menjadi semakin mudah dan cepat. Namun perkembangan teknologi informasi justru menimbulkan berbagai macam dampak negatif salah satunya adalah penjiplakan karya atau sering disebut plagiat. Terkhusus kepada dosen yang tugasnya tidak hanya mengajar melainkan diharuskan membuat beberapa penelitian dan pengabdian setiap tahunnya yang setidaknya harus di jurnalkan baik secara nasional dan internasional. Dimana salah satu wadahnya itu Jurnal Informatika Sains dan Teknologi (INSTEK) untuk para dosen di Fakultas Sains dan Teknologi pada Universitas Islam Negeri Alauddin Makassar. Jenis penelitian yang akan digunakan pada penelitian ini adalah penelitian metode kualitatif. Metode pengumpulan data yang akan digunakan pada penelitian ini berupa observasi dan studi literature. Metode perancangan aplikasi yang digunakan adalah metode waterfall dan teknik pengujian sistem yang digunakan adalah metode Black-box Testing. Hasil dari penelitian ini adalah berupa aplikasi pendeteksi plagiat untuk jurnal INSTEK berbasis android dengan menggunakan metode cosine similarity.","dse"
2020.0,"Text Mining Judul Skripsi Mengunakan K-Means Clustering (Studi Kasus di Jurusan Teknik Informatika)","Penelitian atau tugas akhir skripsi merupakan syarat kelulusan mahasiswa. Setiap tahun penelitian menjadi bertambah dan memungkinkan mahasiswa mengambil topik yang sama atau hampir serupa. Melalui penelitian yang dilakukan ini dikembangkan suatu aplikasi untuk mengelompokkan skripsi mahasiswa yang dapat berfungsi untuk membantu pihak jurusan dalam menyeleksi penelitian yang akan dilakukan mahasiswa dan sebagai bahan rujukan bagi mahasiswa yang ingin mengambil judul penelitian. Jenis penelitian yang digunakan pada penelitian ini adalah kuantitatif dan metode perancangan aplikasi yang digunakan adalah prototype. Proses pengelompokan judul skripsi ini dilakukan dengan menggunakan metode k-means clustrering pada sekumpulan judul skripsi dengan mengambil judul skripsi sebagai informasi yang dapat mewakili isi dokumen. Dokumen akan melewati proses preprocessing dengan menggunakan metode text mining. Setelah data judul melewati tahap preprocessing maka judul dapat dikelompokkan dengan menggunakan metode k-means clustering. Hasil dari penelitian ini adalah menciptakan suatu aplikasi yang dapat mengelompokkan data dengan otomatis. Teknik pengujian kualitas cluster pada penelitian ini menggunakan Normalize Mutual Information (NMI). Uji coba dilakukan dengan memasukkan jumlah cluster yang bervariasi hingga mendapatkan hasil yang optimal.","dse"
2017.0,"Rancang Bangun Sistem Pendataan Anak Putus Sekolah pada Dinas Pendidikan Kota Makassar berbasis web","Anak putus sekolah adalah murid yang tidak dapat menyelesaikan program belajar sebelum waktunya selesai atau murid yang tidak tamat menyelesaikan program belajarnya. Akibat yang disebabkan anak putus sekolah sangat banyak diantaranya adalah kenakalan remaja tawuran kebut-kebutan di jalan raya minumâ€“minuman keras dan perkelahian akibat lainnya juga adalah perasaan minder dan rendah diri karena kurangnnya pengetahuan yang dimiliki. Saat ini di Dinas Pendidikan Kota Makassar belum memiliki data yang akurat mengenai jumlah anak putus sekolah di kota Makassar. Hal ini terjadi karena penanganan masalah pendataan anak putus sekolah sering ditangani oleh beberapa orang yang berbeda dan tidak ada rekapitulasi data yang akurat. Dengan demikian pihak Dinas Pendidikan Kota Makassar tidak dapat memberikan laporan secara cepat dan akurat yang menyebabkan sulit mengambil kebijakan yang layak kepada anak yang putus sekolah. Oleh karena itu dibangunlah sebuah sistem pendataan anak putus sekolah pada Dinas Pendidikan Kota Makassar berbasis web sehingga membantu pemerintah dalam mengambil kebijakan yang layak kepada anak yang putus sekolah agar memperoleh masa depan yang lebih baik.","dse"
2012.0,"Perancangan dan Implementasi Sistem Sekolah Terpadu Berbasis Client Server di SMAN 9 Makasssar","Sistem Sekolah Terpadu merupakan aplikasi yang diperuntukkan untuk mengolah data â€“ data yang berhubungan dengan sekolah.seperti pengolahan data registrasi ulang siswa data absensi siswa dan data pembayaran siswa. Belum optimalnya data â€“ data ini menyebabkan sulitnya dalam mencari informasi tentang data siswa dan pembuatan laporan yang belum memadai.Oleh karena itu diperlukan suatu aplikasi yang bias mendukung dan memecahkan masalah tersebut. Aplikasi ini dibangun dengan menggunakan Apache web server sebagai web servernya menggunakan PHP sebagai bahasa pemrograman dan MySQL dalam pembangunan database. Penelitian ini bertujuan untuk merancang Sistem Sekolah Terpadu pada SMAN 9 Makassar berbasis client-server. Jenis penelitian yang digunakan yaitu penelitian kuantitatif sementara dalam pengumpulan data menggunakan metode penelitian kepustakaan dan penelitian lapangan (observasi). Adapun metode pengujian menggunakan Black Box Testing yang berfokus pada kebutuhan fungsional dari perangkat lunak. Dengan adanya Sistem Sekolah Terpadu pada SMAN 9 Makassar Berbasis Client-Server ini maka dapat membantu staf dan pegawai pada SMAN 9 Makassar dalam hal pengelolaan datadata yang berhubungan dengan sekolah tersebut. Contohnya dalam hal pengelolaan data Akademik Keuangan Perpustakaan Kepegawaian Info Guru Info Siswa dan BK (Badan Konseling).","dse"
2018.0,"sistem transparansi data penyaluran bantuan kelompok tani berbasis web pada dinas pertanian kabupaten bulukumba","otonomi daerah telah membawa perubahan pada sistem pemerintahan di indonesia dari sentralistik menjadi desentralistik. Terkhusus di bidang pertanian yang menjadi penunjang terbesar dalam perkembangan perekonomian. Terkhusus daerah kabupaten bulukumba terdapat beberapa masalah diantaranya bantuan yang tidak merata kurangnya informasi terkait pemberian bantuan kelompok tani dan tidak ada keterbukaan (transparency) antara pemerintah setempat dengan masyarakat. karena masalah tersebut peneliti bertujuan untuk merancang sistem transparansi data penyaluran bantuan yang berbasis web. jenis penelitian yang digunakan adalah penelitian kualitatif yang memahami kondisi yang sedang terjadi. sedangkan metode pengumpulan data yang digunakan adalah wawancara observasi dan study pustaka. metode perancangan aplikasi yang digunakan pada penelitian ini adalah metode waterfall dan data flow diagram (DFD). sedangkan teknik pengujian yang digunakan oleh penulis adalah pengujian blackbox. hasil dari penelitian berupa aplikasi website untuk pengelolaan bantuan kelompok tani yang memberikan informasi secara transparan. berdasarkan hasil pengujian dapat disimpulkan bahwa sistem ini berjalan sesuai dengan tujuan yang diharapkan. dengan tingkat keakuratan diatas 98% dalam pembagian bantuan serta penyampaian informasi yang transparan dan relevan.","dse"
2019.0,"Rancang Bangun Sistem Pengelolaan Manajemen Data Jurusan Teknik Informatika dan Jurusan Sistem Informasi UIN Alauddin Makassar Berbasis Web Menggunakan Framework Codeigniter","Jurusan Teknik Informatika dan Jurusan Sistem Informasi merupakan dua dari sembilan jurusan yang berada di Fakultas Sains dan Teknologi Universitas Islam Negeri Alauddin Makassar. Kedua jurusan tersebut membutuhkan suatu sistem yang dapat mempercepat pekerjaan lembaga secara terstruktur dan berkesinambungan. Karena selama ini data-data dijurusan masih tidak teratur dengan baik tidak tersusun rapi penyimpanan tidak terpusat informasi-informasi masih sulit untuk didapatkan sehingga membuat kinerja dijurusan menjadi lambat dan pelayanan menjadi tidak maksimal.Untuk itu dibutuhkan teknologi informasi manajemen pengelolaan data jurusan berbasis web. Tujuan dari Penelitian ini adalah untuk membangun sebuah sistem pengelolaan manajemen data jurusan agar dapat meningkatkan mutu pelayanan jurusan secara maksimal. Jenis penelitian yang digunakan penulis adalah deskriptif kualitatif dengan menggunakan metode pengumpulan data yaitu observasi dan wawancara. Adapun tools yang digunakan untuk merancang sistem manajemen data jurusan ini menggunakan Data Flow Diagram dan Entity Relationship Diagram. Sedangkan bahasa pemrograman yang dipakai menggunakan PHP dan MySQL serta pengujian aplikasi ini menggunakan metode Black-box. Dari penelitian ini menghasilkan perancangan dan aplikasi sistem manajemen pengelolaan data jurusan Teknik Informatika dan Jurusan Sistem Informasi. Penelitian ini menyimpulkan sistem yang dibangun dapat memudahkan staff jurusan dalam mengelola data jurusan Teknik Informatika dan jurusan Sistem Informasi di Universitas Islam Negeri Alauddin Makassar.","dse"
2017.0,"Sistem Penilaian Kinerja Dosen Berdasarkan Course Evaluation Survey dan Beban Kerja Dosen Berbasis Web","Kompetensi tenaga pendidik khususnya dosen diartikan sebagai seperangkat pengetahuan keterampilan dan perilaku yang harus dimiliki dihayati dikuasai dan diwujudkan oleh dosen dalam melaksanakan tugas profesionalnya. Tugas utama dosen adalah pelaksanaan Tridharma Perguruan Tinggi dengan beban kerja paling sedikit sepadan dengan 12 (dua belas) SKS dan paling banyak 16 (enam belas) SKS pada setiap semester sesuai dengan kualifikasi akademik. Dalam organisasi apapun kegiatan penilaian kinerja atau unjuk kerja dari setiap karyawan merupakan kegiatan yang umum dilakukan. Demikian pula dalam organisasi pendidikan tinggi baik yang berbentuk akademi politeknik institute sekolah tinggi maupun universitas. Secara umum penilaian kinerja adala proses mengevaluasi kinerja karyawan dengan tujuan untuk meningkatkannya. Pada penelitian ini membuat atau merancang suatu â€œSistem Penilaian Kinerja Dosen Berdasarkan Course Evaluation Survey dan Beban Kerja Dosen. Pada penelitian ini menggunakan jenis penelitian kualitatif dengan konsep design and creation sedang metode pengumpulan data yang digunakan yaitu mengumpulkan memilah-milah mengklasifikasikan dan mencatat yang dihasilkan catatan lapangan serta memberikan kode agar sumber datanya tetap dapat ditelusuri. Analisis yang dilakukan mencakup analisis sistem dan analisis aplikasi. Aplikasi diuji menggunakan black box. Hasil dari pengujian aplikasi ini menyimpulkan bahwa fungsi yang diharapkan semuanya berhasil sesuai dengan keinginan. Dan dapat memberikan kemudahan dan membantu mahasiswa dan dosen dalam proses penilaian CES dan membantu dosen dalam hal BKD.","dse"
2016.0,"Rancang Bangun Aplikasi Penelusuran Skripsi Menggunakan Algoritma Brute Force","Penelitian ini dilatar belakangi oleh banyaknya mahasiswa Teknik Informatika dan Sistem Informasi UIN Alauddin Makassar yang kesulitan saat pengajuan judul. Kurangnya informasi terkait judul skripsi yang akurat dan kreativitas mahasiswa yang kurang dalam menemukan ide baru menjadi penghambat mahasiswa tingkat akhir dalam proses pengajuan judul. Akibatnya mahasiswa tidak dapat menyelesaikan studinya tepat waktu. Berdasarkan latar belakang tersebut maka perlu dibuat sebuah aplikasi pencarian judul di jurusan Teknik Informatika dan Sistem Informasi UIN Alauddin Makassar yang bertujuan untuk membantu mahasiswa tingkat akhir dalam menemukan informasi skripsi serta menemukan saran ide dalam pengajuan judul. Metode penelitian yang digunakan adalah menggunakan metode penelitian kualitatif. Perancangan aplikasi ini terbagi atas Data Flow Diagram Entity Relationship Diagram Struktur Tabel flowchart dan perancangan antarmuka. Pembangunan aplikasi ini menggunakan codeigniter sebagai framework php (backend) dan materialize sebagai framework css (frontend) yang menggunakan pengujian Black Box dan White Box. Hasil tugas akhir adalah sebuah aplikasi website yang akan membantu mahasiswa atau dosen menemukan judul skripsi yang sudah digunakan. Kelebihan aplikasi ini mahasiswa tidak mengajukan judul secara manual melainkan langsung menginput data ke website yang tersedia. Selain itu mahasiswa dan dosen dapat secara langsung melakukan penelusuran skripsi dan menemukan tugas akhir mahasiswa lainnya dalam waktu relative cepat dan akurat.","dse"
2019.0,"Rancang Bangun Aplikasi Data Alumni SMK YPKK Limbung Berbasis Web.","Penelitian ini dilatarbelakangi oleh pengelolaan data alumni pada SMK YPKK Limbung yang dimana pengelolaannya masih dilakukan dengan cara manual/konvensional yaitu dengan menggunakan lembaran biodata bahkan belum mengetahui output dari alumni itu sendiri sehingga data alumni pada sekolah tersebut belum dikelola dengan baik. Tujuan dari penelitian ini adalah untuk merancang dan membangun sebuah sistem yang dapat membantu dalam pengelolaan data alumni mengetahui output dari alumni keamanan data alumni serta dapat memudahkan dalam pencarian alumni pada SMK YPKK Limbung berbasis web yang dapat diakses dengan cepat dan dimana saja. Pada penelitian ini menggunakan jenis penelitian kualitatif dengan metode penelitian deskriptif. Adapun metode pengembangan yang digunakan dalam aplikasi ini menggunakan metode waterfall yang melalui tahapan-tahapan yaitu Analisa kebutuhan desain sistem penulisan kode program pengujian program dan penerapannya. Selain itu aplikasi ini juga diuji dengan menggunakan teknik pengujian black box. Hasil dan kesimpulan dari penelitian ini sudah tercapai berdasarkan hasil pengujian yang menunjukkan bahwa output yang dihasilkan oleh sistem tersebuat sudah sesuai dengan apa yang diharapkan. Data alumni juga telah tersimpan dalam database dengan akurat sehingga sistem tersebut menjadi efktif. Selain itu sistem ini juga dilengkapi berbagai informasi-informasi baik dari sekolah maupun dari alumni.","dse"
2021.0,"Perancangan Aplikasi Penentuan Rute Tercepat dalam Proses Pengirirman Barang oleh Kurir","Kasus penentuan rute distribusi paket merupakan satu dari berbagai permasalahan yang dihadapi kurir pada ekspedisi pengiriman barang. Kegiatan pencarian urutan lokasi dimana kurir melakukan perjalanan dari lokasi awal menuju sejumlah lokasi konsumen yang telah ditentukan. Dalam masalah ini setiap lokasi hanya boleh dikunjungi satu kali dan berakhir pada lokasi awal. Hal yang terjadi di lapangan kurir melakukan pengurutan paket secara manual dimana kurir akan membandingkan jarak antara paket satu dengan paket lainnya berdasarkan alamat dari paket tersebut. Informasi jarak yang digunakan merupakan pengetahuan kurir tentang lokasi paket ataupun dari bantuan google maps. Berdasarkan latar belakang tersebut peneliti membuat aplikasi penentuan rute yang membantu kurir dalam proses pengiriman barang. Penelitian ini bertujuan untuk menyelesaikan masalah penentuan rute distribusi paket pada ekspedisi J&T Express dengan mengimplementasikan algoritma nearest neighbor dalam proses penentuan rute. Proses pengambilan jarak antar lokasi menggunakan API Key Mapbox sedangkan untuk penyajian peta pada sistem memanfaatkan library leaflet.js. Pengambilan data dilakukan dengan wawancara terhadap karyawan J&T Express dimana data yang dikumpulkan berupa data wilayah data paket dan jadwal kurir. Penelitian ini menggunakan metode penelitian kualitatif dengan strategi design and creation serta menggunakan pengujian blackbox dan kuisioner untuk proses pengujian sistem. Hasil dari penelitian ini menunjukkan bahwa algoritma nearest neighbor yang digunakan dalam menentukan rute dapat memberikan hasil yang optimal namun keberhasilan penentuan rute sangat bergantung pada proses pengambilan jarak yang menggunakan API Key Mapbox. Apabila jumlah titik tujuan bertambah maka waktu yang dibutuhkan untuk mendapatkan rute semakin lama. Dikarenakan API Key yang digunakan masih gratis sehingga waktu request yang disediakan hanya 120 detik. Jika waktu request melebihi waktu yang ditentukan oleh mapbox maka user perlu melakukan reload untuk bisa mengambil semua jarak.","dse"
